model_name,split,source_image_path,saved_image_path
bsd,test,/home/ubuntu/hpproject/yolo/dataset/yolo/datasetm6c/images/test/0031.png,/home/ubuntu/hpproject/yolo/analyze/result/report_2604101149/fn_images/bsd/target_level_fn/0031.png
bsd,test,/home/ubuntu/hpproject/yolo/dataset/yolo/datasetm6c/images/test/0049.png,/home/ubuntu/hpproject/yolo/analyze/result/report_2604101149/fn_images/bsd/target_level_fn/0049.png
bsd,test,/home/ubuntu/hpproject/yolo/dataset/yolo/datasetm6c/images/test/0127.png,/home/ubuntu/hpproject/yolo/analyze/result/report_2604101149/fn_images/bsd/target_level_fn/0127.png
bsd,test,/home/ubuntu/hpproject/yolo/dataset/yolo/datasetm6c/images/test/0140.png,/home/ubuntu/hpproject/yolo/analyze/result/report_2604101149/fn_images/bsd/target_level_fn/0140.png
bsd,test,/home/ubuntu/hpproject/yolo/dataset/yolo/datasetm6c/images/test/0149.png,/home/ubuntu/hpproject/yolo/analyze/result/report_2604101149/fn_images/bsd/target_level_fn/0149.png
bsd,test,/home/ubuntu/hpproject/yolo/dataset/yolo/datasetm6c/images/test/0161.png,/home/ubuntu/hpproject/yolo/analyze/result/report_2604101149/fn_images/bsd/target_level_fn/0161.png
bsd,test,/home/ubuntu/hpproject/yolo/dataset/yolo/datasetm6c/images/test/0171.png,/home/ubuntu/hpproject/yolo/analyze/result/report_2604101149/fn_images/bsd/target_level_fn/0171.png
bsd,test,/home/ubuntu/hpproject/yolo/dataset/yolo/datasetm6c/images/test/0193.png,/home/ubuntu/hpproject/yolo/analyze/result/report_2604101149/fn_images/bsd/target_level_fn/0193.png
bsd,test,/home/ubuntu/hpproject/yolo/dataset/yolo/datasetm6c/images/test/0204.png,/home/ubuntu/hpproject/yolo/analyze/result/report_2604101149/fn_images/bsd/target_level_fn/0204.png
bsd,test,/home/ubuntu/hpproject/yolo/dataset/yolo/datasetm6c/images/test/0213.png,/home/ubuntu/hpproject/yolo/analyze/result/report_2604101149/fn_images/bsd/target_level_fn/0213.png
bsd,test,/home/ubuntu/hpproject/yolo/dataset/yolo/datasetm6c/images/test/0232.png,/home/ubuntu/hpproject/yolo/analyze/result/report_2604101149/fn_images/bsd/target_level_fn/0232.png
bsd,test,/home/ubuntu/hpproject/yolo/dataset/yolo/datasetm6c/images/test/0241.png,/home/ubuntu/hpproject/yolo/analyze/result/report_2604101149/fn_images/bsd/target_level_fn/0241.png
bsd,test,/home/ubuntu/hpproject/yolo/dataset/yolo/datasetm6c/images/test/0258.png,/home/ubuntu/hpproject/yolo/analyze/result/report_2604101149/fn_images/bsd/target_level_fn/0258.png
bsd,test,/home/ubuntu/hpproject/yolo/dataset/yolo/datasetm6c/images/test/0299.png,/home/ubuntu/hpproject/yolo/analyze/result/report_2604101149/fn_images/bsd/target_level_fn/0299.png
bsd,test,/home/ubuntu/hpproject/yolo/dataset/yolo/datasetm6c/images/test/0340.png,/home/ubuntu/hpproject/yolo/analyze/result/report_2604101149/fn_images/bsd/target_level_fn/0340.png
bsd,test,/home/ubuntu/hpproject/yolo/dataset/yolo/datasetm6c/images/test/0365.png,/home/ubuntu/hpproject/yolo/analyze/result/report_2604101149/fn_images/bsd/target_level_fn/0365.png
bsd,test,/home/ubuntu/hpproject/yolo/dataset/yolo/datasetm6c/images/test/0374.png,/home/ubuntu/hpproject/yolo/analyze/result/report_2604101149/fn_images/bsd/target_level_fn/0374.png
bsd,test,/home/ubuntu/hpproject/yolo/dataset/yolo/datasetm6c/images/test/0378.png,/home/ubuntu/hpproject/yolo/analyze/result/report_2604101149/fn_images/bsd/target_level_fn/0378.png
bsd,test,/home/ubuntu/hpproject/yolo/dataset/yolo/datasetm6c/images/test/0407.png,/home/ubuntu/hpproject/yolo/analyze/result/report_2604101149/fn_images/bsd/target_level_fn/0407.png
bsd,test,/home/ubuntu/hpproject/yolo/dataset/yolo/datasetm6c/images/test/0419.png,/home/ubuntu/hpproject/yolo/analyze/result/report_2604101149/fn_images/bsd/target_level_fn/0419.png
bsd,test,/home/ubuntu/hpproject/yolo/dataset/yolo/datasetm6c/images/test/0423.png,/home/ubuntu/hpproject/yolo/analyze/result/report_2604101149/fn_images/bsd/target_level_fn/0423.png
bsd,test,/home/ubuntu/hpproject/yolo/dataset/yolo/datasetm6c/images/test/0426.png,/home/ubuntu/hpproject/yolo/analyze/result/report_2604101149/fn_images/bsd/target_level_fn/0426.png
bsd,test,/home/ubuntu/hpproject/yolo/dataset/yolo/datasetm6c/images/test/0430.png,/home/ubuntu/hpproject/yolo/analyze/result/report_2604101149/fn_images/bsd/target_level_fn/0430.png
bsd,test,/home/ubuntu/hpproject/yolo/dataset/yolo/datasetm6c/images/test/0432.png,/home/ubuntu/hpproject/yolo/analyze/result/report_2604101149/fn_images/bsd/target_level_fn/0432.png
bsd,test,/home/ubuntu/hpproject/yolo/dataset/yolo/datasetm6c/images/test/0436.png,/home/ubuntu/hpproject/yolo/analyze/result/report_2604101149/fn_images/bsd/target_level_fn/0436.png
bsd,test,/home/ubuntu/hpproject/yolo/dataset/yolo/datasetm6c/images/test/0450.png,/home/ubuntu/hpproject/yolo/analyze/result/report_2604101149/fn_images/bsd/target_level_fn/0450.png
bsd,val,/home/ubuntu/hpproject/yolo/dataset/yolo/datasetm6c/images/val/0030.png,/home/ubuntu/hpproject/yolo/analyze/result/report_2604101149/fn_images/bsd/target_level_fn/0030.png
bsd,val,/home/ubuntu/hpproject/yolo/dataset/yolo/datasetm6c/images/val/0051.png,/home/ubuntu/hpproject/yolo/analyze/result/report_2604101149/fn_images/bsd/target_level_fn/0051.png
bsd,val,/home/ubuntu/hpproject/yolo/dataset/yolo/datasetm6c/images/val/0055.png,/home/ubuntu/hpproject/yolo/analyze/result/report_2604101149/fn_images/bsd/target_level_fn/0055.png
bsd,val,/home/ubuntu/hpproject/yolo/dataset/yolo/datasetm6c/images/val/0066.png,/home/ubuntu/hpproject/yolo/analyze/result/report_2604101149/fn_images/bsd/target_level_fn/0066.png
bsd,val,/home/ubuntu/hpproject/yolo/dataset/yolo/datasetm6c/images/val/0068.png,/home/ubuntu/hpproject/yolo/analyze/result/report_2604101149/fn_images/bsd/target_level_fn/0068.png
bsd,val,/home/ubuntu/hpproject/yolo/dataset/yolo/datasetm6c/images/val/0069.png,/home/ubuntu/hpproject/yolo/analyze/result/report_2604101149/fn_images/bsd/target_level_fn/0069.png
bsd,val,/home/ubuntu/hpproject/yolo/dataset/yolo/datasetm6c/images/val/0072.png,/home/ubuntu/hpproject/yolo/analyze/result/report_2604101149/fn_images/bsd/target_level_fn/0072.png
bsd,val,/home/ubuntu/hpproject/yolo/dataset/yolo/datasetm6c/images/val/0105.png,/home/ubuntu/hpproject/yolo/analyze/result/report_2604101149/fn_images/bsd/target_level_fn/0105.png
bsd,val,/home/ubuntu/hpproject/yolo/dataset/yolo/datasetm6c/images/val/0143.png,/home/ubuntu/hpproject/yolo/analyze/result/report_2604101149/fn_images/bsd/target_level_fn/0143.png
bsd,val,/home/ubuntu/hpproject/yolo/dataset/yolo/datasetm6c/images/val/0144.png,/home/ubuntu/hpproject/yolo/analyze/result/report_2604101149/fn_images/bsd/target_level_fn/0144.png
bsd,val,/home/ubuntu/hpproject/yolo/dataset/yolo/datasetm6c/images/val/0177.png,/home/ubuntu/hpproject/yolo/analyze/result/report_2604101149/fn_images/bsd/target_level_fn/0177.png
bsd,val,/home/ubuntu/hpproject/yolo/dataset/yolo/datasetm6c/images/val/0188.png,/home/ubuntu/hpproject/yolo/analyze/result/report_2604101149/fn_images/bsd/target_level_fn/0188.png
bsd,val,/home/ubuntu/hpproject/yolo/dataset/yolo/datasetm6c/images/val/0221.png,/home/ubuntu/hpproject/yolo/analyze/result/report_2604101149/fn_images/bsd/target_level_fn/0221.png
bsd,val,/home/ubuntu/hpproject/yolo/dataset/yolo/datasetm6c/images/val/0234.png,/home/ubuntu/hpproject/yolo/analyze/result/report_2604101149/fn_images/bsd/target_level_fn/0234.png
bsd,val,/home/ubuntu/hpproject/yolo/dataset/yolo/datasetm6c/images/val/0262.png,/home/ubuntu/hpproject/yolo/analyze/result/report_2604101149/fn_images/bsd/target_level_fn/0262.png
bsd,val,/home/ubuntu/hpproject/yolo/dataset/yolo/datasetm6c/images/val/0324.png,/home/ubuntu/hpproject/yolo/analyze/result/report_2604101149/fn_images/bsd/target_level_fn/0324.png
bsd,val,/home/ubuntu/hpproject/yolo/dataset/yolo/datasetm6c/images/val/0349.png,/home/ubuntu/hpproject/yolo/analyze/result/report_2604101149/fn_images/bsd/target_level_fn/0349.png
bsd,val,/home/ubuntu/hpproject/yolo/dataset/yolo/datasetm6c/images/val/0351.png,/home/ubuntu/hpproject/yolo/analyze/result/report_2604101149/fn_images/bsd/target_level_fn/0351.png
bsd,val,/home/ubuntu/hpproject/yolo/dataset/yolo/datasetm6c/images/val/0359.png,/home/ubuntu/hpproject/yolo/analyze/result/report_2604101149/fn_images/bsd/target_level_fn/0359.png
bsd,val,/home/ubuntu/hpproject/yolo/dataset/yolo/datasetm6c/images/val/0363.png,/home/ubuntu/hpproject/yolo/analyze/result/report_2604101149/fn_images/bsd/target_level_fn/0363.png
bsd,val,/home/ubuntu/hpproject/yolo/dataset/yolo/datasetm6c/images/val/0371.png,/home/ubuntu/hpproject/yolo/analyze/result/report_2604101149/fn_images/bsd/target_level_fn/0371.png
bsd,val,/home/ubuntu/hpproject/yolo/dataset/yolo/datasetm6c/images/val/0376.png,/home/ubuntu/hpproject/yolo/analyze/result/report_2604101149/fn_images/bsd/target_level_fn/0376.png
bsd,val,/home/ubuntu/hpproject/yolo/dataset/yolo/datasetm6c/images/val/0380.png,/home/ubuntu/hpproject/yolo/analyze/result/report_2604101149/fn_images/bsd/target_level_fn/0380.png
bsd,val,/home/ubuntu/hpproject/yolo/dataset/yolo/datasetm6c/images/val/0409.png,/home/ubuntu/hpproject/yolo/analyze/result/report_2604101149/fn_images/bsd/target_level_fn/0409.png
bsd,val,/home/ubuntu/hpproject/yolo/dataset/yolo/datasetm6c/images/val/0433.png,/home/ubuntu/hpproject/yolo/analyze/result/report_2604101149/fn_images/bsd/target_level_fn/0433.png
baseline,test,/home/ubuntu/hpproject/yolo/dataset/yolo/datasetm6c/images/test/0031.png,/home/ubuntu/hpproject/yolo/analyze/result/report_2604101149/fn_images/baseline/target_level_fn/0031.png
baseline,test,/home/ubuntu/hpproject/yolo/dataset/yolo/datasetm6c/images/test/0127.png,/home/ubuntu/hpproject/yolo/analyze/result/report_2604101149/fn_images/baseline/target_level_fn/0127.png
baseline,test,/home/ubuntu/hpproject/yolo/dataset/yolo/datasetm6c/images/test/0140.png,/home/ubuntu/hpproject/yolo/analyze/result/report_2604101149/fn_images/baseline/target_level_fn/0140.png
baseline,test,/home/ubuntu/hpproject/yolo/dataset/yolo/datasetm6c/images/test/0149.png,/home/ubuntu/hpproject/yolo/analyze/result/report_2604101149/fn_images/baseline/target_level_fn/0149.png
baseline,test,/home/ubuntu/hpproject/yolo/dataset/yolo/datasetm6c/images/test/0161.png,/home/ubuntu/hpproject/yolo/analyze/result/report_2604101149/fn_images/baseline/target_level_fn/0161.png
baseline,test,/home/ubuntu/hpproject/yolo/dataset/yolo/datasetm6c/images/test/0171.png,/home/ubuntu/hpproject/yolo/analyze/result/report_2604101149/fn_images/baseline/target_level_fn/0171.png
baseline,test,/home/ubuntu/hpproject/yolo/dataset/yolo/datasetm6c/images/test/0193.png,/home/ubuntu/hpproject/yolo/analyze/result/report_2604101149/fn_images/baseline/target_level_fn/0193.png
baseline,test,/home/ubuntu/hpproject/yolo/dataset/yolo/datasetm6c/images/test/0204.png,/home/ubuntu/hpproject/yolo/analyze/result/report_2604101149/fn_images/baseline/target_level_fn/0204.png
baseline,test,/home/ubuntu/hpproject/yolo/dataset/yolo/datasetm6c/images/test/0213.png,/home/ubuntu/hpproject/yolo/analyze/result/report_2604101149/fn_images/baseline/target_level_fn/0213.png
baseline,test,/home/ubuntu/hpproject/yolo/dataset/yolo/datasetm6c/images/test/0218.png,/home/ubuntu/hpproject/yolo/analyze/result/report_2604101149/fn_images/baseline/target_level_fn/0218.png
baseline,test,/home/ubuntu/hpproject/yolo/dataset/yolo/datasetm6c/images/test/0232.png,/home/ubuntu/hpproject/yolo/analyze/result/report_2604101149/fn_images/baseline/target_level_fn/0232.png
baseline,test,/home/ubuntu/hpproject/yolo/dataset/yolo/datasetm6c/images/test/0241.png,/home/ubuntu/hpproject/yolo/analyze/result/report_2604101149/fn_images/baseline/target_level_fn/0241.png
baseline,test,/home/ubuntu/hpproject/yolo/dataset/yolo/datasetm6c/images/test/0295.png,/home/ubuntu/hpproject/yolo/analyze/result/report_2604101149/fn_images/baseline/target_level_fn/0295.png
baseline,test,/home/ubuntu/hpproject/yolo/dataset/yolo/datasetm6c/images/test/0299.png,/home/ubuntu/hpproject/yolo/analyze/result/report_2604101149/fn_images/baseline/target_level_fn/0299.png
baseline,test,/home/ubuntu/hpproject/yolo/dataset/yolo/datasetm6c/images/test/0340.png,/home/ubuntu/hpproject/yolo/analyze/result/report_2604101149/fn_images/baseline/target_level_fn/0340.png
baseline,test,/home/ubuntu/hpproject/yolo/dataset/yolo/datasetm6c/images/test/0344.png,/home/ubuntu/hpproject/yolo/analyze/result/report_2604101149/fn_images/baseline/target_level_fn/0344.png
baseline,test,/home/ubuntu/hpproject/yolo/dataset/yolo/datasetm6c/images/test/0362.png,/home/ubuntu/hpproject/yolo/analyze/result/report_2604101149/fn_images/baseline/target_level_fn/0362.png
baseline,test,/home/ubuntu/hpproject/yolo/dataset/yolo/datasetm6c/images/test/0365.png,/home/ubuntu/hpproject/yolo/analyze/result/report_2604101149/fn_images/baseline/target_level_fn/0365.png
baseline,test,/home/ubuntu/hpproject/yolo/dataset/yolo/datasetm6c/images/test/0374.png,/home/ubuntu/hpproject/yolo/analyze/result/report_2604101149/fn_images/baseline/target_level_fn/0374.png
baseline,test,/home/ubuntu/hpproject/yolo/dataset/yolo/datasetm6c/images/test/0378.png,/home/ubuntu/hpproject/yolo/analyze/result/report_2604101149/fn_images/baseline/target_level_fn/0378.png
baseline,test,/home/ubuntu/hpproject/yolo/dataset/yolo/datasetm6c/images/test/0407.png,/home/ubuntu/hpproject/yolo/analyze/result/report_2604101149/fn_images/baseline/target_level_fn/0407.png
baseline,test,/home/ubuntu/hpproject/yolo/dataset/yolo/datasetm6c/images/test/0419.png,/home/ubuntu/hpproject/yolo/analyze/result/report_2604101149/fn_images/baseline/target_level_fn/0419.png
baseline,test,/home/ubuntu/hpproject/yolo/dataset/yolo/datasetm6c/images/test/0423.png,/home/ubuntu/hpproject/yolo/analyze/result/report_2604101149/fn_images/baseline/target_level_fn/0423.png
baseline,test,/home/ubuntu/hpproject/yolo/dataset/yolo/datasetm6c/images/test/0426.png,/home/ubuntu/hpproject/yolo/analyze/result/report_2604101149/fn_images/baseline/target_level_fn/0426.png
baseline,test,/home/ubuntu/hpproject/yolo/dataset/yolo/datasetm6c/images/test/0430.png,/home/ubuntu/hpproject/yolo/analyze/result/report_2604101149/fn_images/baseline/target_level_fn/0430.png
baseline,test,/home/ubuntu/hpproject/yolo/dataset/yolo/datasetm6c/images/test/0432.png,/home/ubuntu/hpproject/yolo/analyze/result/report_2604101149/fn_images/baseline/target_level_fn/0432.png
baseline,test,/home/ubuntu/hpproject/yolo/dataset/yolo/datasetm6c/images/test/0436.png,/home/ubuntu/hpproject/yolo/analyze/result/report_2604101149/fn_images/baseline/target_level_fn/0436.png
baseline,test,/home/ubuntu/hpproject/yolo/dataset/yolo/datasetm6c/images/test/0450.png,/home/ubuntu/hpproject/yolo/analyze/result/report_2604101149/fn_images/baseline/target_level_fn/0450.png
baseline,val,/home/ubuntu/hpproject/yolo/dataset/yolo/datasetm6c/images/val/0051.png,/home/ubuntu/hpproject/yolo/analyze/result/report_2604101149/fn_images/baseline/target_level_fn/0051.png
baseline,val,/home/ubuntu/hpproject/yolo/dataset/yolo/datasetm6c/images/val/0055.png,/home/ubuntu/hpproject/yolo/analyze/result/report_2604101149/fn_images/baseline/target_level_fn/0055.png
baseline,val,/home/ubuntu/hpproject/yolo/dataset/yolo/datasetm6c/images/val/0066.png,/home/ubuntu/hpproject/yolo/analyze/result/report_2604101149/fn_images/baseline/target_level_fn/0066.png
baseline,val,/home/ubuntu/hpproject/yolo/dataset/yolo/datasetm6c/images/val/0068.png,/home/ubuntu/hpproject/yolo/analyze/result/report_2604101149/fn_images/baseline/target_level_fn/0068.png
baseline,val,/home/ubuntu/hpproject/yolo/dataset/yolo/datasetm6c/images/val/0069.png,/home/ubuntu/hpproject/yolo/analyze/result/report_2604101149/fn_images/baseline/target_level_fn/0069.png
baseline,val,/home/ubuntu/hpproject/yolo/dataset/yolo/datasetm6c/images/val/0072.png,/home/ubuntu/hpproject/yolo/analyze/result/report_2604101149/fn_images/baseline/target_level_fn/0072.png
baseline,val,/home/ubuntu/hpproject/yolo/dataset/yolo/datasetm6c/images/val/0094.png,/home/ubuntu/hpproject/yolo/analyze/result/report_2604101149/fn_images/baseline/target_level_fn/0094.png
baseline,val,/home/ubuntu/hpproject/yolo/dataset/yolo/datasetm6c/images/val/0103.png,/home/ubuntu/hpproject/yolo/analyze/result/report_2604101149/fn_images/baseline/target_level_fn/0103.png
baseline,val,/home/ubuntu/hpproject/yolo/dataset/yolo/datasetm6c/images/val/0105.png,/home/ubuntu/hpproject/yolo/analyze/result/report_2604101149/fn_images/baseline/target_level_fn/0105.png
baseline,val,/home/ubuntu/hpproject/yolo/dataset/yolo/datasetm6c/images/val/0143.png,/home/ubuntu/hpproject/yolo/analyze/result/report_2604101149/fn_images/baseline/target_level_fn/0143.png
baseline,val,/home/ubuntu/hpproject/yolo/dataset/yolo/datasetm6c/images/val/0144.png,/home/ubuntu/hpproject/yolo/analyze/result/report_2604101149/fn_images/baseline/target_level_fn/0144.png
baseline,val,/home/ubuntu/hpproject/yolo/dataset/yolo/datasetm6c/images/val/0146.png,/home/ubuntu/hpproject/yolo/analyze/result/report_2604101149/fn_images/baseline/target_level_fn/0146.png
baseline,val,/home/ubuntu/hpproject/yolo/dataset/yolo/datasetm6c/images/val/0172.png,/home/ubuntu/hpproject/yolo/analyze/result/report_2604101149/fn_images/baseline/target_level_fn/0172.png
baseline,val,/home/ubuntu/hpproject/yolo/dataset/yolo/datasetm6c/images/val/0177.png,/home/ubuntu/hpproject/yolo/analyze/result/report_2604101149/fn_images/baseline/target_level_fn/0177.png
baseline,val,/home/ubuntu/hpproject/yolo/dataset/yolo/datasetm6c/images/val/0188.png,/home/ubuntu/hpproject/yolo/analyze/result/report_2604101149/fn_images/baseline/target_level_fn/0188.png
baseline,val,/home/ubuntu/hpproject/yolo/dataset/yolo/datasetm6c/images/val/0221.png,/home/ubuntu/hpproject/yolo/analyze/result/report_2604101149/fn_images/baseline/target_level_fn/0221.png
baseline,val,/home/ubuntu/hpproject/yolo/dataset/yolo/datasetm6c/images/val/0234.png,/home/ubuntu/hpproject/yolo/analyze/result/report_2604101149/fn_images/baseline/target_level_fn/0234.png
baseline,val,/home/ubuntu/hpproject/yolo/dataset/yolo/datasetm6c/images/val/0262.png,/home/ubuntu/hpproject/yolo/analyze/result/report_2604101149/fn_images/baseline/target_level_fn/0262.png
baseline,val,/home/ubuntu/hpproject/yolo/dataset/yolo/datasetm6c/images/val/0324.png,/home/ubuntu/hpproject/yolo/analyze/result/report_2604101149/fn_images/baseline/target_level_fn/0324.png
baseline,val,/home/ubuntu/hpproject/yolo/dataset/yolo/datasetm6c/images/val/0349.png,/home/ubuntu/hpproject/yolo/analyze/result/report_2604101149/fn_images/baseline/target_level_fn/0349.png
baseline,val,/home/ubuntu/hpproject/yolo/dataset/yolo/datasetm6c/images/val/0359.png,/home/ubuntu/hpproject/yolo/analyze/result/report_2604101149/fn_images/baseline/target_level_fn/0359.png
baseline,val,/home/ubuntu/hpproject/yolo/dataset/yolo/datasetm6c/images/val/0363.png,/home/ubuntu/hpproject/yolo/analyze/result/report_2604101149/fn_images/baseline/target_level_fn/0363.png
baseline,val,/home/ubuntu/hpproject/yolo/dataset/yolo/datasetm6c/images/val/0371.png,/home/ubuntu/hpproject/yolo/analyze/result/report_2604101149/fn_images/baseline/target_level_fn/0371.png
baseline,val,/home/ubuntu/hpproject/yolo/dataset/yolo/datasetm6c/images/val/0376.png,/home/ubuntu/hpproject/yolo/analyze/result/report_2604101149/fn_images/baseline/target_level_fn/0376.png
baseline,val,/home/ubuntu/hpproject/yolo/dataset/yolo/datasetm6c/images/val/0380.png,/home/ubuntu/hpproject/yolo/analyze/result/report_2604101149/fn_images/baseline/target_level_fn/0380.png
baseline,val,/home/ubuntu/hpproject/yolo/dataset/yolo/datasetm6c/images/val/0409.png,/home/ubuntu/hpproject/yolo/analyze/result/report_2604101149/fn_images/baseline/target_level_fn/0409.png
baseline,val,/home/ubuntu/hpproject/yolo/dataset/yolo/datasetm6c/images/val/0433.png,/home/ubuntu/hpproject/yolo/analyze/result/report_2604101149/fn_images/baseline/target_level_fn/0433.png
our,test,/home/ubuntu/hpproject/yolo/dataset/yolo/datasetm6c/images/test/0031.png,/home/ubuntu/hpproject/yolo/analyze/result/report_2604101149/fn_images/our/target_level_fn/0031.png
our,test,/home/ubuntu/hpproject/yolo/dataset/yolo/datasetm6c/images/test/0127.png,/home/ubuntu/hpproject/yolo/analyze/result/report_2604101149/fn_images/our/target_level_fn/0127.png
our,test,/home/ubuntu/hpproject/yolo/dataset/yolo/datasetm6c/images/test/0140.png,/home/ubuntu/hpproject/yolo/analyze/result/report_2604101149/fn_images/our/target_level_fn/0140.png
our,test,/home/ubuntu/hpproject/yolo/dataset/yolo/datasetm6c/images/test/0149.png,/home/ubuntu/hpproject/yolo/analyze/result/report_2604101149/fn_images/our/target_level_fn/0149.png
our,test,/home/ubuntu/hpproject/yolo/dataset/yolo/datasetm6c/images/test/0161.png,/home/ubuntu/hpproject/yolo/analyze/result/report_2604101149/fn_images/our/target_level_fn/0161.png
our,test,/home/ubuntu/hpproject/yolo/dataset/yolo/datasetm6c/images/test/0173.png,/home/ubuntu/hpproject/yolo/analyze/result/report_2604101149/fn_images/our/target_level_fn/0173.png
our,test,/home/ubuntu/hpproject/yolo/dataset/yolo/datasetm6c/images/test/0193.png,/home/ubuntu/hpproject/yolo/analyze/result/report_2604101149/fn_images/our/target_level_fn/0193.png
our,test,/home/ubuntu/hpproject/yolo/dataset/yolo/datasetm6c/images/test/0204.png,/home/ubuntu/hpproject/yolo/analyze/result/report_2604101149/fn_images/our/target_level_fn/0204.png
our,test,/home/ubuntu/hpproject/yolo/dataset/yolo/datasetm6c/images/test/0213.png,/home/ubuntu/hpproject/yolo/analyze/result/report_2604101149/fn_images/our/target_level_fn/0213.png
our,test,/home/ubuntu/hpproject/yolo/dataset/yolo/datasetm6c/images/test/0232.png,/home/ubuntu/hpproject/yolo/analyze/result/report_2604101149/fn_images/our/target_level_fn/0232.png
our,test,/home/ubuntu/hpproject/yolo/dataset/yolo/datasetm6c/images/test/0299.png,/home/ubuntu/hpproject/yolo/analyze/result/report_2604101149/fn_images/our/target_level_fn/0299.png
our,test,/home/ubuntu/hpproject/yolo/dataset/yolo/datasetm6c/images/test/0340.png,/home/ubuntu/hpproject/yolo/analyze/result/report_2604101149/fn_images/our/target_level_fn/0340.png
our,test,/home/ubuntu/hpproject/yolo/dataset/yolo/datasetm6c/images/test/0344.png,/home/ubuntu/hpproject/yolo/analyze/result/report_2604101149/fn_images/our/target_level_fn/0344.png
our,test,/home/ubuntu/hpproject/yolo/dataset/yolo/datasetm6c/images/test/0365.png,/home/ubuntu/hpproject/yolo/analyze/result/report_2604101149/fn_images/our/target_level_fn/0365.png
our,test,/home/ubuntu/hpproject/yolo/dataset/yolo/datasetm6c/images/test/0374.png,/home/ubuntu/hpproject/yolo/analyze/result/report_2604101149/fn_images/our/target_level_fn/0374.png
our,test,/home/ubuntu/hpproject/yolo/dataset/yolo/datasetm6c/images/test/0378.png,/home/ubuntu/hpproject/yolo/analyze/result/report_2604101149/fn_images/our/target_level_fn/0378.png
our,test,/home/ubuntu/hpproject/yolo/dataset/yolo/datasetm6c/images/test/0407.png,/home/ubuntu/hpproject/yolo/analyze/result/report_2604101149/fn_images/our/target_level_fn/0407.png
our,test,/home/ubuntu/hpproject/yolo/dataset/yolo/datasetm6c/images/test/0419.png,/home/ubuntu/hpproject/yolo/analyze/result/report_2604101149/fn_images/our/target_level_fn/0419.png
our,test,/home/ubuntu/hpproject/yolo/dataset/yolo/datasetm6c/images/test/0423.png,/home/ubuntu/hpproject/yolo/analyze/result/report_2604101149/fn_images/our/target_level_fn/0423.png
our,test,/home/ubuntu/hpproject/yolo/dataset/yolo/datasetm6c/images/test/0426.png,/home/ubuntu/hpproject/yolo/analyze/result/report_2604101149/fn_images/our/target_level_fn/0426.png
our,test,/home/ubuntu/hpproject/yolo/dataset/yolo/datasetm6c/images/test/0432.png,/home/ubuntu/hpproject/yolo/analyze/result/report_2604101149/fn_images/our/target_level_fn/0432.png
our,test,/home/ubuntu/hpproject/yolo/dataset/yolo/datasetm6c/images/test/0436.png,/home/ubuntu/hpproject/yolo/analyze/result/report_2604101149/fn_images/our/target_level_fn/0436.png
our,test,/home/ubuntu/hpproject/yolo/dataset/yolo/datasetm6c/images/test/0450.png,/home/ubuntu/hpproject/yolo/analyze/result/report_2604101149/fn_images/our/target_level_fn/0450.png
our,val,/home/ubuntu/hpproject/yolo/dataset/yolo/datasetm6c/images/val/0021.png,/home/ubuntu/hpproject/yolo/analyze/result/report_2604101149/fn_images/our/target_level_fn/0021.png
our,val,/home/ubuntu/hpproject/yolo/dataset/yolo/datasetm6c/images/val/0051.png,/home/ubuntu/hpproject/yolo/analyze/result/report_2604101149/fn_images/our/target_level_fn/0051.png
our,val,/home/ubuntu/hpproject/yolo/dataset/yolo/datasetm6c/images/val/0055.png,/home/ubuntu/hpproject/yolo/analyze/result/report_2604101149/fn_images/our/target_level_fn/0055.png
our,val,/home/ubuntu/hpproject/yolo/dataset/yolo/datasetm6c/images/val/0061.png,/home/ubuntu/hpproject/yolo/analyze/result/report_2604101149/fn_images/our/target_level_fn/0061.png
our,val,/home/ubuntu/hpproject/yolo/dataset/yolo/datasetm6c/images/val/0066.png,/home/ubuntu/hpproject/yolo/analyze/result/report_2604101149/fn_images/our/target_level_fn/0066.png
our,val,/home/ubuntu/hpproject/yolo/dataset/yolo/datasetm6c/images/val/0068.png,/home/ubuntu/hpproject/yolo/analyze/result/report_2604101149/fn_images/our/target_level_fn/0068.png
our,val,/home/ubuntu/hpproject/yolo/dataset/yolo/datasetm6c/images/val/0069.png,/home/ubuntu/hpproject/yolo/analyze/result/report_2604101149/fn_images/our/target_level_fn/0069.png
our,val,/home/ubuntu/hpproject/yolo/dataset/yolo/datasetm6c/images/val/0072.png,/home/ubuntu/hpproject/yolo/analyze/result/report_2604101149/fn_images/our/target_level_fn/0072.png
our,val,/home/ubuntu/hpproject/yolo/dataset/yolo/datasetm6c/images/val/0105.png,/home/ubuntu/hpproject/yolo/analyze/result/report_2604101149/fn_images/our/target_level_fn/0105.png
our,val,/home/ubuntu/hpproject/yolo/dataset/yolo/datasetm6c/images/val/0143.png,/home/ubuntu/hpproject/yolo/analyze/result/report_2604101149/fn_images/our/target_level_fn/0143.png
our,val,/home/ubuntu/hpproject/yolo/dataset/yolo/datasetm6c/images/val/0144.png,/home/ubuntu/hpproject/yolo/analyze/result/report_2604101149/fn_images/our/target_level_fn/0144.png
our,val,/home/ubuntu/hpproject/yolo/dataset/yolo/datasetm6c/images/val/0154.png,/home/ubuntu/hpproject/yolo/analyze/result/report_2604101149/fn_images/our/target_level_fn/0154.png
our,val,/home/ubuntu/hpproject/yolo/dataset/yolo/datasetm6c/images/val/0177.png,/home/ubuntu/hpproject/yolo/analyze/result/report_2604101149/fn_images/our/target_level_fn/0177.png
our,val,/home/ubuntu/hpproject/yolo/dataset/yolo/datasetm6c/images/val/0188.png,/home/ubuntu/hpproject/yolo/analyze/result/report_2604101149/fn_images/our/target_level_fn/0188.png
our,val,/home/ubuntu/hpproject/yolo/dataset/yolo/datasetm6c/images/val/0221.png,/home/ubuntu/hpproject/yolo/analyze/result/report_2604101149/fn_images/our/target_level_fn/0221.png
our,val,/home/ubuntu/hpproject/yolo/dataset/yolo/datasetm6c/images/val/0234.png,/home/ubuntu/hpproject/yolo/analyze/result/report_2604101149/fn_images/our/target_level_fn/0234.png
our,val,/home/ubuntu/hpproject/yolo/dataset/yolo/datasetm6c/images/val/0262.png,/home/ubuntu/hpproject/yolo/analyze/result/report_2604101149/fn_images/our/target_level_fn/0262.png
our,val,/home/ubuntu/hpproject/yolo/dataset/yolo/datasetm6c/images/val/0349.png,/home/ubuntu/hpproject/yolo/analyze/result/report_2604101149/fn_images/our/target_level_fn/0349.png
our,val,/home/ubuntu/hpproject/yolo/dataset/yolo/datasetm6c/images/val/0359.png,/home/ubuntu/hpproject/yolo/analyze/result/report_2604101149/fn_images/our/target_level_fn/0359.png
our,val,/home/ubuntu/hpproject/yolo/dataset/yolo/datasetm6c/images/val/0363.png,/home/ubuntu/hpproject/yolo/analyze/result/report_2604101149/fn_images/our/target_level_fn/0363.png
our,val,/home/ubuntu/hpproject/yolo/dataset/yolo/datasetm6c/images/val/0371.png,/home/ubuntu/hpproject/yolo/analyze/result/report_2604101149/fn_images/our/target_level_fn/0371.png
our,val,/home/ubuntu/hpproject/yolo/dataset/yolo/datasetm6c/images/val/0376.png,/home/ubuntu/hpproject/yolo/analyze/result/report_2604101149/fn_images/our/target_level_fn/0376.png
our,val,/home/ubuntu/hpproject/yolo/dataset/yolo/datasetm6c/images/val/0380.png,/home/ubuntu/hpproject/yolo/analyze/result/report_2604101149/fn_images/our/target_level_fn/0380.png
our,val,/home/ubuntu/hpproject/yolo/dataset/yolo/datasetm6c/images/val/0433.png,/home/ubuntu/hpproject/yolo/analyze/result/report_2604101149/fn_images/our/target_level_fn/0433.png
hmc,test,/home/ubuntu/hpproject/yolo/dataset/yolo/datasetm6c/images/test/0031.png,/home/ubuntu/hpproject/yolo/analyze/result/report_2604101149/fn_images/hmc/target_level_fn/0031.png
hmc,test,/home/ubuntu/hpproject/yolo/dataset/yolo/datasetm6c/images/test/0049.png,/home/ubuntu/hpproject/yolo/analyze/result/report_2604101149/fn_images/hmc/target_level_fn/0049.png
hmc,test,/home/ubuntu/hpproject/yolo/dataset/yolo/datasetm6c/images/test/0127.png,/home/ubuntu/hpproject/yolo/analyze/result/report_2604101149/fn_images/hmc/target_level_fn/0127.png
hmc,test,/home/ubuntu/hpproject/yolo/dataset/yolo/datasetm6c/images/test/0140.png,/home/ubuntu/hpproject/yolo/analyze/result/report_2604101149/fn_images/hmc/target_level_fn/0140.png
hmc,test,/home/ubuntu/hpproject/yolo/dataset/yolo/datasetm6c/images/test/0149.png,/home/ubuntu/hpproject/yolo/analyze/result/report_2604101149/fn_images/hmc/target_level_fn/0149.png
hmc,test,/home/ubuntu/hpproject/yolo/dataset/yolo/datasetm6c/images/test/0171.png,/home/ubuntu/hpproject/yolo/analyze/result/report_2604101149/fn_images/hmc/target_level_fn/0171.png
hmc,test,/home/ubuntu/hpproject/yolo/dataset/yolo/datasetm6c/images/test/0193.png,/home/ubuntu/hpproject/yolo/analyze/result/report_2604101149/fn_images/hmc/target_level_fn/0193.png
hmc,test,/home/ubuntu/hpproject/yolo/dataset/yolo/datasetm6c/images/test/0204.png,/home/ubuntu/hpproject/yolo/analyze/result/report_2604101149/fn_images/hmc/target_level_fn/0204.png
hmc,test,/home/ubuntu/hpproject/yolo/dataset/yolo/datasetm6c/images/test/0213.png,/home/ubuntu/hpproject/yolo/analyze/result/report_2604101149/fn_images/hmc/target_level_fn/0213.png
hmc,test,/home/ubuntu/hpproject/yolo/dataset/yolo/datasetm6c/images/test/0232.png,/home/ubuntu/hpproject/yolo/analyze/result/report_2604101149/fn_images/hmc/target_level_fn/0232.png
hmc,test,/home/ubuntu/hpproject/yolo/dataset/yolo/datasetm6c/images/test/0241.png,/home/ubuntu/hpproject/yolo/analyze/result/report_2604101149/fn_images/hmc/target_level_fn/0241.png
hmc,test,/home/ubuntu/hpproject/yolo/dataset/yolo/datasetm6c/images/test/0295.png,/home/ubuntu/hpproject/yolo/analyze/result/report_2604101149/fn_images/hmc/target_level_fn/0295.png
hmc,test,/home/ubuntu/hpproject/yolo/dataset/yolo/datasetm6c/images/test/0299.png,/home/ubuntu/hpproject/yolo/analyze/result/report_2604101149/fn_images/hmc/target_level_fn/0299.png
hmc,test,/home/ubuntu/hpproject/yolo/dataset/yolo/datasetm6c/images/test/0340.png,/home/ubuntu/hpproject/yolo/analyze/result/report_2604101149/fn_images/hmc/target_level_fn/0340.png
hmc,test,/home/ubuntu/hpproject/yolo/dataset/yolo/datasetm6c/images/test/0344.png,/home/ubuntu/hpproject/yolo/analyze/result/report_2604101149/fn_images/hmc/target_level_fn/0344.png
hmc,test,/home/ubuntu/hpproject/yolo/dataset/yolo/datasetm6c/images/test/0365.png,/home/ubuntu/hpproject/yolo/analyze/result/report_2604101149/fn_images/hmc/target_level_fn/0365.png
hmc,test,/home/ubuntu/hpproject/yolo/dataset/yolo/datasetm6c/images/test/0374.png,/home/ubuntu/hpproject/yolo/analyze/result/report_2604101149/fn_images/hmc/target_level_fn/0374.png
hmc,test,/home/ubuntu/hpproject/yolo/dataset/yolo/datasetm6c/images/test/0407.png,/home/ubuntu/hpproject/yolo/analyze/result/report_2604101149/fn_images/hmc/target_level_fn/0407.png
hmc,test,/home/ubuntu/hpproject/yolo/dataset/yolo/datasetm6c/images/test/0419.png,/home/ubuntu/hpproject/yolo/analyze/result/report_2604101149/fn_images/hmc/target_level_fn/0419.png
hmc,test,/home/ubuntu/hpproject/yolo/dataset/yolo/datasetm6c/images/test/0422.png,/home/ubuntu/hpproject/yolo/analyze/result/report_2604101149/fn_images/hmc/target_level_fn/0422.png
hmc,test,/home/ubuntu/hpproject/yolo/dataset/yolo/datasetm6c/images/test/0423.png,/home/ubuntu/hpproject/yolo/analyze/result/report_2604101149/fn_images/hmc/target_level_fn/0423.png
hmc,test,/home/ubuntu/hpproject/yolo/dataset/yolo/datasetm6c/images/test/0426.png,/home/ubuntu/hpproject/yolo/analyze/result/report_2604101149/fn_images/hmc/target_level_fn/0426.png
hmc,test,/home/ubuntu/hpproject/yolo/dataset/yolo/datasetm6c/images/test/0430.png,/home/ubuntu/hpproject/yolo/analyze/result/report_2604101149/fn_images/hmc/target_level_fn/0430.png
hmc,test,/home/ubuntu/hpproject/yolo/dataset/yolo/datasetm6c/images/test/0432.png,/home/ubuntu/hpproject/yolo/analyze/result/report_2604101149/fn_images/hmc/target_level_fn/0432.png
hmc,test,/home/ubuntu/hpproject/yolo/dataset/yolo/datasetm6c/images/test/0436.png,/home/ubuntu/hpproject/yolo/analyze/result/report_2604101149/fn_images/hmc/target_level_fn/0436.png
hmc,test,/home/ubuntu/hpproject/yolo/dataset/yolo/datasetm6c/images/test/0450.png,/home/ubuntu/hpproject/yolo/analyze/result/report_2604101149/fn_images/hmc/target_level_fn/0450.png
hmc,val,/home/ubuntu/hpproject/yolo/dataset/yolo/datasetm6c/images/val/0030.png,/home/ubuntu/hpproject/yolo/analyze/result/report_2604101149/fn_images/hmc/target_level_fn/0030.png
hmc,val,/home/ubuntu/hpproject/yolo/dataset/yolo/datasetm6c/images/val/0051.png,/home/ubuntu/hpproject/yolo/analyze/result/report_2604101149/fn_images/hmc/target_level_fn/0051.png
hmc,val,/home/ubuntu/hpproject/yolo/dataset/yolo/datasetm6c/images/val/0055.png,/home/ubuntu/hpproject/yolo/analyze/result/report_2604101149/fn_images/hmc/target_level_fn/0055.png
hmc,val,/home/ubuntu/hpproject/yolo/dataset/yolo/datasetm6c/images/val/0061.png,/home/ubuntu/hpproject/yolo/analyze/result/report_2604101149/fn_images/hmc/target_level_fn/0061.png
hmc,val,/home/ubuntu/hpproject/yolo/dataset/yolo/datasetm6c/images/val/0066.png,/home/ubuntu/hpproject/yolo/analyze/result/report_2604101149/fn_images/hmc/target_level_fn/0066.png
hmc,val,/home/ubuntu/hpproject/yolo/dataset/yolo/datasetm6c/images/val/0068.png,/home/ubuntu/hpproject/yolo/analyze/result/report_2604101149/fn_images/hmc/target_level_fn/0068.png
hmc,val,/home/ubuntu/hpproject/yolo/dataset/yolo/datasetm6c/images/val/0069.png,/home/ubuntu/hpproject/yolo/analyze/result/report_2604101149/fn_images/hmc/target_level_fn/0069.png
hmc,val,/home/ubuntu/hpproject/yolo/dataset/yolo/datasetm6c/images/val/0072.png,/home/ubuntu/hpproject/yolo/analyze/result/report_2604101149/fn_images/hmc/target_level_fn/0072.png
hmc,val,/home/ubuntu/hpproject/yolo/dataset/yolo/datasetm6c/images/val/0094.png,/home/ubuntu/hpproject/yolo/analyze/result/report_2604101149/fn_images/hmc/target_level_fn/0094.png
hmc,val,/home/ubuntu/hpproject/yolo/dataset/yolo/datasetm6c/images/val/0103.png,/home/ubuntu/hpproject/yolo/analyze/result/report_2604101149/fn_images/hmc/target_level_fn/0103.png
hmc,val,/home/ubuntu/hpproject/yolo/dataset/yolo/datasetm6c/images/val/0105.png,/home/ubuntu/hpproject/yolo/analyze/result/report_2604101149/fn_images/hmc/target_level_fn/0105.png
hmc,val,/home/ubuntu/hpproject/yolo/dataset/yolo/datasetm6c/images/val/0143.png,/home/ubuntu/hpproject/yolo/analyze/result/report_2604101149/fn_images/hmc/target_level_fn/0143.png
hmc,val,/home/ubuntu/hpproject/yolo/dataset/yolo/datasetm6c/images/val/0144.png,/home/ubuntu/hpproject/yolo/analyze/result/report_2604101149/fn_images/hmc/target_level_fn/0144.png
hmc,val,/home/ubuntu/hpproject/yolo/dataset/yolo/datasetm6c/images/val/0146.png,/home/ubuntu/hpproject/yolo/analyze/result/report_2604101149/fn_images/hmc/target_level_fn/0146.png
hmc,val,/home/ubuntu/hpproject/yolo/dataset/yolo/datasetm6c/images/val/0154.png,/home/ubuntu/hpproject/yolo/analyze/result/report_2604101149/fn_images/hmc/target_level_fn/0154.png
hmc,val,/home/ubuntu/hpproject/yolo/dataset/yolo/datasetm6c/images/val/0177.png,/home/ubuntu/hpproject/yolo/analyze/result/report_2604101149/fn_images/hmc/target_level_fn/0177.png
hmc,val,/home/ubuntu/hpproject/yolo/dataset/yolo/datasetm6c/images/val/0221.png,/home/ubuntu/hpproject/yolo/analyze/result/report_2604101149/fn_images/hmc/target_level_fn/0221.png
hmc,val,/home/ubuntu/hpproject/yolo/dataset/yolo/datasetm6c/images/val/0234.png,/home/ubuntu/hpproject/yolo/analyze/result/report_2604101149/fn_images/hmc/target_level_fn/0234.png
hmc,val,/home/ubuntu/hpproject/yolo/dataset/yolo/datasetm6c/images/val/0262.png,/home/ubuntu/hpproject/yolo/analyze/result/report_2604101149/fn_images/hmc/target_level_fn/0262.png
hmc,val,/home/ubuntu/hpproject/yolo/dataset/yolo/datasetm6c/images/val/0324.png,/home/ubuntu/hpproject/yolo/analyze/result/report_2604101149/fn_images/hmc/target_level_fn/0324.png
hmc,val,/home/ubuntu/hpproject/yolo/dataset/yolo/datasetm6c/images/val/0349.png,/home/ubuntu/hpproject/yolo/analyze/result/report_2604101149/fn_images/hmc/target_level_fn/0349.png
hmc,val,/home/ubuntu/hpproject/yolo/dataset/yolo/datasetm6c/images/val/0359.png,/home/ubuntu/hpproject/yolo/analyze/result/report_2604101149/fn_images/hmc/target_level_fn/0359.png
hmc,val,/home/ubuntu/hpproject/yolo/dataset/yolo/datasetm6c/images/val/0363.png,/home/ubuntu/hpproject/yolo/analyze/result/report_2604101149/fn_images/hmc/target_level_fn/0363.png
hmc,val,/home/ubuntu/hpproject/yolo/dataset/yolo/datasetm6c/images/val/0371.png,/home/ubuntu/hpproject/yolo/analyze/result/report_2604101149/fn_images/hmc/target_level_fn/0371.png
hmc,val,/home/ubuntu/hpproject/yolo/dataset/yolo/datasetm6c/images/val/0376.png,/home/ubuntu/hpproject/yolo/analyze/result/report_2604101149/fn_images/hmc/target_level_fn/0376.png
hmc,val,/home/ubuntu/hpproject/yolo/dataset/yolo/datasetm6c/images/val/0380.png,/home/ubuntu/hpproject/yolo/analyze/result/report_2604101149/fn_images/hmc/target_level_fn/0380.png
hmc,val,/home/ubuntu/hpproject/yolo/dataset/yolo/datasetm6c/images/val/0433.png,/home/ubuntu/hpproject/yolo/analyze/result/report_2604101149/fn_images/hmc/target_level_fn/0433.png
al3,test,/home/ubuntu/hpproject/yolo/dataset/yolo/datasetm6c/images/test/0127.png,/home/ubuntu/hpproject/yolo/analyze/result/report_2604101149/fn_images/al3/target_level_fn/0127.png
al3,test,/home/ubuntu/hpproject/yolo/dataset/yolo/datasetm6c/images/test/0140.png,/home/ubuntu/hpproject/yolo/analyze/result/report_2604101149/fn_images/al3/target_level_fn/0140.png
al3,test,/home/ubuntu/hpproject/yolo/dataset/yolo/datasetm6c/images/test/0149.png,/home/ubuntu/hpproject/yolo/analyze/result/report_2604101149/fn_images/al3/target_level_fn/0149.png
al3,test,/home/ubuntu/hpproject/yolo/dataset/yolo/datasetm6c/images/test/0161.png,/home/ubuntu/hpproject/yolo/analyze/result/report_2604101149/fn_images/al3/target_level_fn/0161.png
al3,test,/home/ubuntu/hpproject/yolo/dataset/yolo/datasetm6c/images/test/0193.png,/home/ubuntu/hpproject/yolo/analyze/result/report_2604101149/fn_images/al3/target_level_fn/0193.png
al3,test,/home/ubuntu/hpproject/yolo/dataset/yolo/datasetm6c/images/test/0204.png,/home/ubuntu/hpproject/yolo/analyze/result/report_2604101149/fn_images/al3/target_level_fn/0204.png
al3,test,/home/ubuntu/hpproject/yolo/dataset/yolo/datasetm6c/images/test/0213.png,/home/ubuntu/hpproject/yolo/analyze/result/report_2604101149/fn_images/al3/target_level_fn/0213.png
al3,test,/home/ubuntu/hpproject/yolo/dataset/yolo/datasetm6c/images/test/0218.png,/home/ubuntu/hpproject/yolo/analyze/result/report_2604101149/fn_images/al3/target_level_fn/0218.png
al3,test,/home/ubuntu/hpproject/yolo/dataset/yolo/datasetm6c/images/test/0232.png,/home/ubuntu/hpproject/yolo/analyze/result/report_2604101149/fn_images/al3/target_level_fn/0232.png
al3,test,/home/ubuntu/hpproject/yolo/dataset/yolo/datasetm6c/images/test/0241.png,/home/ubuntu/hpproject/yolo/analyze/result/report_2604101149/fn_images/al3/target_level_fn/0241.png
al3,test,/home/ubuntu/hpproject/yolo/dataset/yolo/datasetm6c/images/test/0295.png,/home/ubuntu/hpproject/yolo/analyze/result/report_2604101149/fn_images/al3/target_level_fn/0295.png
al3,test,/home/ubuntu/hpproject/yolo/dataset/yolo/datasetm6c/images/test/0299.png,/home/ubuntu/hpproject/yolo/analyze/result/report_2604101149/fn_images/al3/target_level_fn/0299.png
al3,test,/home/ubuntu/hpproject/yolo/dataset/yolo/datasetm6c/images/test/0340.png,/home/ubuntu/hpproject/yolo/analyze/result/report_2604101149/fn_images/al3/target_level_fn/0340.png
al3,test,/home/ubuntu/hpproject/yolo/dataset/yolo/datasetm6c/images/test/0365.png,/home/ubuntu/hpproject/yolo/analyze/result/report_2604101149/fn_images/al3/target_level_fn/0365.png
al3,test,/home/ubuntu/hpproject/yolo/dataset/yolo/datasetm6c/images/test/0374.png,/home/ubuntu/hpproject/yolo/analyze/result/report_2604101149/fn_images/al3/target_level_fn/0374.png
al3,test,/home/ubuntu/hpproject/yolo/dataset/yolo/datasetm6c/images/test/0378.png,/home/ubuntu/hpproject/yolo/analyze/result/report_2604101149/fn_images/al3/target_level_fn/0378.png
al3,test,/home/ubuntu/hpproject/yolo/dataset/yolo/datasetm6c/images/test/0407.png,/home/ubuntu/hpproject/yolo/analyze/result/report_2604101149/fn_images/al3/target_level_fn/0407.png
al3,test,/home/ubuntu/hpproject/yolo/dataset/yolo/datasetm6c/images/test/0419.png,/home/ubuntu/hpproject/yolo/analyze/result/report_2604101149/fn_images/al3/target_level_fn/0419.png
al3,test,/home/ubuntu/hpproject/yolo/dataset/yolo/datasetm6c/images/test/0423.png,/home/ubuntu/hpproject/yolo/analyze/result/report_2604101149/fn_images/al3/target_level_fn/0423.png
al3,test,/home/ubuntu/hpproject/yolo/dataset/yolo/datasetm6c/images/test/0426.png,/home/ubuntu/hpproject/yolo/analyze/result/report_2604101149/fn_images/al3/target_level_fn/0426.png
al3,test,/home/ubuntu/hpproject/yolo/dataset/yolo/datasetm6c/images/test/0432.png,/home/ubuntu/hpproject/yolo/analyze/result/report_2604101149/fn_images/al3/target_level_fn/0432.png
al3,test,/home/ubuntu/hpproject/yolo/dataset/yolo/datasetm6c/images/test/0436.png,/home/ubuntu/hpproject/yolo/analyze/result/report_2604101149/fn_images/al3/target_level_fn/0436.png
al3,test,/home/ubuntu/hpproject/yolo/dataset/yolo/datasetm6c/images/test/0450.png,/home/ubuntu/hpproject/yolo/analyze/result/report_2604101149/fn_images/al3/target_level_fn/0450.png
al3,val,/home/ubuntu/hpproject/yolo/dataset/yolo/datasetm6c/images/val/0021.png,/home/ubuntu/hpproject/yolo/analyze/result/report_2604101149/fn_images/al3/target_level_fn/0021.png
al3,val,/home/ubuntu/hpproject/yolo/dataset/yolo/datasetm6c/images/val/0051.png,/home/ubuntu/hpproject/yolo/analyze/result/report_2604101149/fn_images/al3/target_level_fn/0051.png
al3,val,/home/ubuntu/hpproject/yolo/dataset/yolo/datasetm6c/images/val/0055.png,/home/ubuntu/hpproject/yolo/analyze/result/report_2604101149/fn_images/al3/target_level_fn/0055.png
al3,val,/home/ubuntu/hpproject/yolo/dataset/yolo/datasetm6c/images/val/0066.png,/home/ubuntu/hpproject/yolo/analyze/result/report_2604101149/fn_images/al3/target_level_fn/0066.png
al3,val,/home/ubuntu/hpproject/yolo/dataset/yolo/datasetm6c/images/val/0068.png,/home/ubuntu/hpproject/yolo/analyze/result/report_2604101149/fn_images/al3/target_level_fn/0068.png
al3,val,/home/ubuntu/hpproject/yolo/dataset/yolo/datasetm6c/images/val/0069.png,/home/ubuntu/hpproject/yolo/analyze/result/report_2604101149/fn_images/al3/target_level_fn/0069.png
al3,val,/home/ubuntu/hpproject/yolo/dataset/yolo/datasetm6c/images/val/0072.png,/home/ubuntu/hpproject/yolo/analyze/result/report_2604101149/fn_images/al3/target_level_fn/0072.png
al3,val,/home/ubuntu/hpproject/yolo/dataset/yolo/datasetm6c/images/val/0084.png,/home/ubuntu/hpproject/yolo/analyze/result/report_2604101149/fn_images/al3/target_level_fn/0084.png
al3,val,/home/ubuntu/hpproject/yolo/dataset/yolo/datasetm6c/images/val/0094.png,/home/ubuntu/hpproject/yolo/analyze/result/report_2604101149/fn_images/al3/target_level_fn/0094.png
al3,val,/home/ubuntu/hpproject/yolo/dataset/yolo/datasetm6c/images/val/0105.png,/home/ubuntu/hpproject/yolo/analyze/result/report_2604101149/fn_images/al3/target_level_fn/0105.png
al3,val,/home/ubuntu/hpproject/yolo/dataset/yolo/datasetm6c/images/val/0143.png,/home/ubuntu/hpproject/yolo/analyze/result/report_2604101149/fn_images/al3/target_level_fn/0143.png
al3,val,/home/ubuntu/hpproject/yolo/dataset/yolo/datasetm6c/images/val/0144.png,/home/ubuntu/hpproject/yolo/analyze/result/report_2604101149/fn_images/al3/target_level_fn/0144.png
al3,val,/home/ubuntu/hpproject/yolo/dataset/yolo/datasetm6c/images/val/0154.png,/home/ubuntu/hpproject/yolo/analyze/result/report_2604101149/fn_images/al3/target_level_fn/0154.png
al3,val,/home/ubuntu/hpproject/yolo/dataset/yolo/datasetm6c/images/val/0177.png,/home/ubuntu/hpproject/yolo/analyze/result/report_2604101149/fn_images/al3/target_level_fn/0177.png
al3,val,/home/ubuntu/hpproject/yolo/dataset/yolo/datasetm6c/images/val/0188.png,/home/ubuntu/hpproject/yolo/analyze/result/report_2604101149/fn_images/al3/target_level_fn/0188.png
al3,val,/home/ubuntu/hpproject/yolo/dataset/yolo/datasetm6c/images/val/0221.png,/home/ubuntu/hpproject/yolo/analyze/result/report_2604101149/fn_images/al3/target_level_fn/0221.png
al3,val,/home/ubuntu/hpproject/yolo/dataset/yolo/datasetm6c/images/val/0234.png,/home/ubuntu/hpproject/yolo/analyze/result/report_2604101149/fn_images/al3/target_level_fn/0234.png
al3,val,/home/ubuntu/hpproject/yolo/dataset/yolo/datasetm6c/images/val/0262.png,/home/ubuntu/hpproject/yolo/analyze/result/report_2604101149/fn_images/al3/target_level_fn/0262.png
al3,val,/home/ubuntu/hpproject/yolo/dataset/yolo/datasetm6c/images/val/0324.png,/home/ubuntu/hpproject/yolo/analyze/result/report_2604101149/fn_images/al3/target_level_fn/0324.png
al3,val,/home/ubuntu/hpproject/yolo/dataset/yolo/datasetm6c/images/val/0349.png,/home/ubuntu/hpproject/yolo/analyze/result/report_2604101149/fn_images/al3/target_level_fn/0349.png
al3,val,/home/ubuntu/hpproject/yolo/dataset/yolo/datasetm6c/images/val/0351.png,/home/ubuntu/hpproject/yolo/analyze/result/report_2604101149/fn_images/al3/target_level_fn/0351.png
al3,val,/home/ubuntu/hpproject/yolo/dataset/yolo/datasetm6c/images/val/0359.png,/home/ubuntu/hpproject/yolo/analyze/result/report_2604101149/fn_images/al3/target_level_fn/0359.png
al3,val,/home/ubuntu/hpproject/yolo/dataset/yolo/datasetm6c/images/val/0363.png,/home/ubuntu/hpproject/yolo/analyze/result/report_2604101149/fn_images/al3/target_level_fn/0363.png
al3,val,/home/ubuntu/hpproject/yolo/dataset/yolo/datasetm6c/images/val/0371.png,/home/ubuntu/hpproject/yolo/analyze/result/report_2604101149/fn_images/al3/target_level_fn/0371.png
al3,val,/home/ubuntu/hpproject/yolo/dataset/yolo/datasetm6c/images/val/0376.png,/home/ubuntu/hpproject/yolo/analyze/result/report_2604101149/fn_images/al3/target_level_fn/0376.png
al3,val,/home/ubuntu/hpproject/yolo/dataset/yolo/datasetm6c/images/val/0380.png,/home/ubuntu/hpproject/yolo/analyze/result/report_2604101149/fn_images/al3/target_level_fn/0380.png
al3,val,/home/ubuntu/hpproject/yolo/dataset/yolo/datasetm6c/images/val/0433.png,/home/ubuntu/hpproject/yolo/analyze/result/report_2604101149/fn_images/al3/target_level_fn/0433.png
al2,test,/home/ubuntu/hpproject/yolo/dataset/yolo/datasetm6c/images/test/0112.png,/home/ubuntu/hpproject/yolo/analyze/result/report_2604101149/fn_images/al2/target_level_fn/0112.png
al2,test,/home/ubuntu/hpproject/yolo/dataset/yolo/datasetm6c/images/test/0127.png,/home/ubuntu/hpproject/yolo/analyze/result/report_2604101149/fn_images/al2/target_level_fn/0127.png
al2,test,/home/ubuntu/hpproject/yolo/dataset/yolo/datasetm6c/images/test/0140.png,/home/ubuntu/hpproject/yolo/analyze/result/report_2604101149/fn_images/al2/target_level_fn/0140.png
al2,test,/home/ubuntu/hpproject/yolo/dataset/yolo/datasetm6c/images/test/0149.png,/home/ubuntu/hpproject/yolo/analyze/result/report_2604101149/fn_images/al2/target_level_fn/0149.png
al2,test,/home/ubuntu/hpproject/yolo/dataset/yolo/datasetm6c/images/test/0161.png,/home/ubuntu/hpproject/yolo/analyze/result/report_2604101149/fn_images/al2/target_level_fn/0161.png
al2,test,/home/ubuntu/hpproject/yolo/dataset/yolo/datasetm6c/images/test/0171.png,/home/ubuntu/hpproject/yolo/analyze/result/report_2604101149/fn_images/al2/target_level_fn/0171.png
al2,test,/home/ubuntu/hpproject/yolo/dataset/yolo/datasetm6c/images/test/0173.png,/home/ubuntu/hpproject/yolo/analyze/result/report_2604101149/fn_images/al2/target_level_fn/0173.png
al2,test,/home/ubuntu/hpproject/yolo/dataset/yolo/datasetm6c/images/test/0193.png,/home/ubuntu/hpproject/yolo/analyze/result/report_2604101149/fn_images/al2/target_level_fn/0193.png
al2,test,/home/ubuntu/hpproject/yolo/dataset/yolo/datasetm6c/images/test/0204.png,/home/ubuntu/hpproject/yolo/analyze/result/report_2604101149/fn_images/al2/target_level_fn/0204.png
al2,test,/home/ubuntu/hpproject/yolo/dataset/yolo/datasetm6c/images/test/0213.png,/home/ubuntu/hpproject/yolo/analyze/result/report_2604101149/fn_images/al2/target_level_fn/0213.png
al2,test,/home/ubuntu/hpproject/yolo/dataset/yolo/datasetm6c/images/test/0232.png,/home/ubuntu/hpproject/yolo/analyze/result/report_2604101149/fn_images/al2/target_level_fn/0232.png
al2,test,/home/ubuntu/hpproject/yolo/dataset/yolo/datasetm6c/images/test/0241.png,/home/ubuntu/hpproject/yolo/analyze/result/report_2604101149/fn_images/al2/target_level_fn/0241.png
al2,test,/home/ubuntu/hpproject/yolo/dataset/yolo/datasetm6c/images/test/0258.png,/home/ubuntu/hpproject/yolo/analyze/result/report_2604101149/fn_images/al2/target_level_fn/0258.png
al2,test,/home/ubuntu/hpproject/yolo/dataset/yolo/datasetm6c/images/test/0295.png,/home/ubuntu/hpproject/yolo/analyze/result/report_2604101149/fn_images/al2/target_level_fn/0295.png
al2,test,/home/ubuntu/hpproject/yolo/dataset/yolo/datasetm6c/images/test/0299.png,/home/ubuntu/hpproject/yolo/analyze/result/report_2604101149/fn_images/al2/target_level_fn/0299.png
al2,test,/home/ubuntu/hpproject/yolo/dataset/yolo/datasetm6c/images/test/0340.png,/home/ubuntu/hpproject/yolo/analyze/result/report_2604101149/fn_images/al2/target_level_fn/0340.png
al2,test,/home/ubuntu/hpproject/yolo/dataset/yolo/datasetm6c/images/test/0362.png,/home/ubuntu/hpproject/yolo/analyze/result/report_2604101149/fn_images/al2/target_level_fn/0362.png
al2,test,/home/ubuntu/hpproject/yolo/dataset/yolo/datasetm6c/images/test/0365.png,/home/ubuntu/hpproject/yolo/analyze/result/report_2604101149/fn_images/al2/target_level_fn/0365.png
al2,test,/home/ubuntu/hpproject/yolo/dataset/yolo/datasetm6c/images/test/0374.png,/home/ubuntu/hpproject/yolo/analyze/result/report_2604101149/fn_images/al2/target_level_fn/0374.png
al2,test,/home/ubuntu/hpproject/yolo/dataset/yolo/datasetm6c/images/test/0378.png,/home/ubuntu/hpproject/yolo/analyze/result/report_2604101149/fn_images/al2/target_level_fn/0378.png
al2,test,/home/ubuntu/hpproject/yolo/dataset/yolo/datasetm6c/images/test/0407.png,/home/ubuntu/hpproject/yolo/analyze/result/report_2604101149/fn_images/al2/target_level_fn/0407.png
al2,test,/home/ubuntu/hpproject/yolo/dataset/yolo/datasetm6c/images/test/0411.png,/home/ubuntu/hpproject/yolo/analyze/result/report_2604101149/fn_images/al2/target_level_fn/0411.png
al2,test,/home/ubuntu/hpproject/yolo/dataset/yolo/datasetm6c/images/test/0419.png,/home/ubuntu/hpproject/yolo/analyze/result/report_2604101149/fn_images/al2/target_level_fn/0419.png
al2,test,/home/ubuntu/hpproject/yolo/dataset/yolo/datasetm6c/images/test/0423.png,/home/ubuntu/hpproject/yolo/analyze/result/report_2604101149/fn_images/al2/target_level_fn/0423.png
al2,test,/home/ubuntu/hpproject/yolo/dataset/yolo/datasetm6c/images/test/0426.png,/home/ubuntu/hpproject/yolo/analyze/result/report_2604101149/fn_images/al2/target_level_fn/0426.png
al2,test,/home/ubuntu/hpproject/yolo/dataset/yolo/datasetm6c/images/test/0430.png,/home/ubuntu/hpproject/yolo/analyze/result/report_2604101149/fn_images/al2/target_level_fn/0430.png
al2,test,/home/ubuntu/hpproject/yolo/dataset/yolo/datasetm6c/images/test/0432.png,/home/ubuntu/hpproject/yolo/analyze/result/report_2604101149/fn_images/al2/target_level_fn/0432.png
al2,test,/home/ubuntu/hpproject/yolo/dataset/yolo/datasetm6c/images/test/0436.png,/home/ubuntu/hpproject/yolo/analyze/result/report_2604101149/fn_images/al2/target_level_fn/0436.png
al2,test,/home/ubuntu/hpproject/yolo/dataset/yolo/datasetm6c/images/test/0450.png,/home/ubuntu/hpproject/yolo/analyze/result/report_2604101149/fn_images/al2/target_level_fn/0450.png
al2,val,/home/ubuntu/hpproject/yolo/dataset/yolo/datasetm6c/images/val/0021.png,/home/ubuntu/hpproject/yolo/analyze/result/report_2604101149/fn_images/al2/target_level_fn/0021.png
al2,val,/home/ubuntu/hpproject/yolo/dataset/yolo/datasetm6c/images/val/0051.png,/home/ubuntu/hpproject/yolo/analyze/result/report_2604101149/fn_images/al2/target_level_fn/0051.png
al2,val,/home/ubuntu/hpproject/yolo/dataset/yolo/datasetm6c/images/val/0055.png,/home/ubuntu/hpproject/yolo/analyze/result/report_2604101149/fn_images/al2/target_level_fn/0055.png
al2,val,/home/ubuntu/hpproject/yolo/dataset/yolo/datasetm6c/images/val/0061.png,/home/ubuntu/hpproject/yolo/analyze/result/report_2604101149/fn_images/al2/target_level_fn/0061.png
al2,val,/home/ubuntu/hpproject/yolo/dataset/yolo/datasetm6c/images/val/0066.png,/home/ubuntu/hpproject/yolo/analyze/result/report_2604101149/fn_images/al2/target_level_fn/0066.png
al2,val,/home/ubuntu/hpproject/yolo/dataset/yolo/datasetm6c/images/val/0068.png,/home/ubuntu/hpproject/yolo/analyze/result/report_2604101149/fn_images/al2/target_level_fn/0068.png
al2,val,/home/ubuntu/hpproject/yolo/dataset/yolo/datasetm6c/images/val/0069.png,/home/ubuntu/hpproject/yolo/analyze/result/report_2604101149/fn_images/al2/target_level_fn/0069.png
al2,val,/home/ubuntu/hpproject/yolo/dataset/yolo/datasetm6c/images/val/0072.png,/home/ubuntu/hpproject/yolo/analyze/result/report_2604101149/fn_images/al2/target_level_fn/0072.png
al2,val,/home/ubuntu/hpproject/yolo/dataset/yolo/datasetm6c/images/val/0094.png,/home/ubuntu/hpproject/yolo/analyze/result/report_2604101149/fn_images/al2/target_level_fn/0094.png
al2,val,/home/ubuntu/hpproject/yolo/dataset/yolo/datasetm6c/images/val/0105.png,/home/ubuntu/hpproject/yolo/analyze/result/report_2604101149/fn_images/al2/target_level_fn/0105.png
al2,val,/home/ubuntu/hpproject/yolo/dataset/yolo/datasetm6c/images/val/0143.png,/home/ubuntu/hpproject/yolo/analyze/result/report_2604101149/fn_images/al2/target_level_fn/0143.png
al2,val,/home/ubuntu/hpproject/yolo/dataset/yolo/datasetm6c/images/val/0144.png,/home/ubuntu/hpproject/yolo/analyze/result/report_2604101149/fn_images/al2/target_level_fn/0144.png
al2,val,/home/ubuntu/hpproject/yolo/dataset/yolo/datasetm6c/images/val/0177.png,/home/ubuntu/hpproject/yolo/analyze/result/report_2604101149/fn_images/al2/target_level_fn/0177.png
al2,val,/home/ubuntu/hpproject/yolo/dataset/yolo/datasetm6c/images/val/0188.png,/home/ubuntu/hpproject/yolo/analyze/result/report_2604101149/fn_images/al2/target_level_fn/0188.png
al2,val,/home/ubuntu/hpproject/yolo/dataset/yolo/datasetm6c/images/val/0221.png,/home/ubuntu/hpproject/yolo/analyze/result/report_2604101149/fn_images/al2/target_level_fn/0221.png
al2,val,/home/ubuntu/hpproject/yolo/dataset/yolo/datasetm6c/images/val/0234.png,/home/ubuntu/hpproject/yolo/analyze/result/report_2604101149/fn_images/al2/target_level_fn/0234.png
al2,val,/home/ubuntu/hpproject/yolo/dataset/yolo/datasetm6c/images/val/0262.png,/home/ubuntu/hpproject/yolo/analyze/result/report_2604101149/fn_images/al2/target_level_fn/0262.png
al2,val,/home/ubuntu/hpproject/yolo/dataset/yolo/datasetm6c/images/val/0324.png,/home/ubuntu/hpproject/yolo/analyze/result/report_2604101149/fn_images/al2/target_level_fn/0324.png
al2,val,/home/ubuntu/hpproject/yolo/dataset/yolo/datasetm6c/images/val/0349.png,/home/ubuntu/hpproject/yolo/analyze/result/report_2604101149/fn_images/al2/target_level_fn/0349.png
al2,val,/home/ubuntu/hpproject/yolo/dataset/yolo/datasetm6c/images/val/0351.png,/home/ubuntu/hpproject/yolo/analyze/result/report_2604101149/fn_images/al2/target_level_fn/0351.png
al2,val,/home/ubuntu/hpproject/yolo/dataset/yolo/datasetm6c/images/val/0359.png,/home/ubuntu/hpproject/yolo/analyze/result/report_2604101149/fn_images/al2/target_level_fn/0359.png
al2,val,/home/ubuntu/hpproject/yolo/dataset/yolo/datasetm6c/images/val/0363.png,/home/ubuntu/hpproject/yolo/analyze/result/report_2604101149/fn_images/al2/target_level_fn/0363.png
al2,val,/home/ubuntu/hpproject/yolo/dataset/yolo/datasetm6c/images/val/0371.png,/home/ubuntu/hpproject/yolo/analyze/result/report_2604101149/fn_images/al2/target_level_fn/0371.png
al2,val,/home/ubuntu/hpproject/yolo/dataset/yolo/datasetm6c/images/val/0376.png,/home/ubuntu/hpproject/yolo/analyze/result/report_2604101149/fn_images/al2/target_level_fn/0376.png
al2,val,/home/ubuntu/hpproject/yolo/dataset/yolo/datasetm6c/images/val/0380.png,/home/ubuntu/hpproject/yolo/analyze/result/report_2604101149/fn_images/al2/target_level_fn/0380.png
al2,val,/home/ubuntu/hpproject/yolo/dataset/yolo/datasetm6c/images/val/0403.png,/home/ubuntu/hpproject/yolo/analyze/result/report_2604101149/fn_images/al2/target_level_fn/0403.png
al2,val,/home/ubuntu/hpproject/yolo/dataset/yolo/datasetm6c/images/val/0433.png,/home/ubuntu/hpproject/yolo/analyze/result/report_2604101149/fn_images/al2/target_level_fn/0433.png
al1,test,/home/ubuntu/hpproject/yolo/dataset/yolo/datasetm6c/images/test/0031.png,/home/ubuntu/hpproject/yolo/analyze/result/report_2604101149/fn_images/al1/target_level_fn/0031.png
al1,test,/home/ubuntu/hpproject/yolo/dataset/yolo/datasetm6c/images/test/0127.png,/home/ubuntu/hpproject/yolo/analyze/result/report_2604101149/fn_images/al1/target_level_fn/0127.png
al1,test,/home/ubuntu/hpproject/yolo/dataset/yolo/datasetm6c/images/test/0140.png,/home/ubuntu/hpproject/yolo/analyze/result/report_2604101149/fn_images/al1/target_level_fn/0140.png
al1,test,/home/ubuntu/hpproject/yolo/dataset/yolo/datasetm6c/images/test/0149.png,/home/ubuntu/hpproject/yolo/analyze/result/report_2604101149/fn_images/al1/target_level_fn/0149.png
al1,test,/home/ubuntu/hpproject/yolo/dataset/yolo/datasetm6c/images/test/0161.png,/home/ubuntu/hpproject/yolo/analyze/result/report_2604101149/fn_images/al1/target_level_fn/0161.png
al1,test,/home/ubuntu/hpproject/yolo/dataset/yolo/datasetm6c/images/test/0171.png,/home/ubuntu/hpproject/yolo/analyze/result/report_2604101149/fn_images/al1/target_level_fn/0171.png
al1,test,/home/ubuntu/hpproject/yolo/dataset/yolo/datasetm6c/images/test/0193.png,/home/ubuntu/hpproject/yolo/analyze/result/report_2604101149/fn_images/al1/target_level_fn/0193.png
al1,test,/home/ubuntu/hpproject/yolo/dataset/yolo/datasetm6c/images/test/0204.png,/home/ubuntu/hpproject/yolo/analyze/result/report_2604101149/fn_images/al1/target_level_fn/0204.png
al1,test,/home/ubuntu/hpproject/yolo/dataset/yolo/datasetm6c/images/test/0213.png,/home/ubuntu/hpproject/yolo/analyze/result/report_2604101149/fn_images/al1/target_level_fn/0213.png
al1,test,/home/ubuntu/hpproject/yolo/dataset/yolo/datasetm6c/images/test/0232.png,/home/ubuntu/hpproject/yolo/analyze/result/report_2604101149/fn_images/al1/target_level_fn/0232.png
al1,test,/home/ubuntu/hpproject/yolo/dataset/yolo/datasetm6c/images/test/0241.png,/home/ubuntu/hpproject/yolo/analyze/result/report_2604101149/fn_images/al1/target_level_fn/0241.png
al1,test,/home/ubuntu/hpproject/yolo/dataset/yolo/datasetm6c/images/test/0259.png,/home/ubuntu/hpproject/yolo/analyze/result/report_2604101149/fn_images/al1/target_level_fn/0259.png
al1,test,/home/ubuntu/hpproject/yolo/dataset/yolo/datasetm6c/images/test/0295.png,/home/ubuntu/hpproject/yolo/analyze/result/report_2604101149/fn_images/al1/target_level_fn/0295.png
al1,test,/home/ubuntu/hpproject/yolo/dataset/yolo/datasetm6c/images/test/0299.png,/home/ubuntu/hpproject/yolo/analyze/result/report_2604101149/fn_images/al1/target_level_fn/0299.png
al1,test,/home/ubuntu/hpproject/yolo/dataset/yolo/datasetm6c/images/test/0340.png,/home/ubuntu/hpproject/yolo/analyze/result/report_2604101149/fn_images/al1/target_level_fn/0340.png
al1,test,/home/ubuntu/hpproject/yolo/dataset/yolo/datasetm6c/images/test/0344.png,/home/ubuntu/hpproject/yolo/analyze/result/report_2604101149/fn_images/al1/target_level_fn/0344.png
al1,test,/home/ubuntu/hpproject/yolo/dataset/yolo/datasetm6c/images/test/0362.png,/home/ubuntu/hpproject/yolo/analyze/result/report_2604101149/fn_images/al1/target_level_fn/0362.png
al1,test,/home/ubuntu/hpproject/yolo/dataset/yolo/datasetm6c/images/test/0365.png,/home/ubuntu/hpproject/yolo/analyze/result/report_2604101149/fn_images/al1/target_level_fn/0365.png
al1,test,/home/ubuntu/hpproject/yolo/dataset/yolo/datasetm6c/images/test/0374.png,/home/ubuntu/hpproject/yolo/analyze/result/report_2604101149/fn_images/al1/target_level_fn/0374.png
al1,test,/home/ubuntu/hpproject/yolo/dataset/yolo/datasetm6c/images/test/0378.png,/home/ubuntu/hpproject/yolo/analyze/result/report_2604101149/fn_images/al1/target_level_fn/0378.png
al1,test,/home/ubuntu/hpproject/yolo/dataset/yolo/datasetm6c/images/test/0407.png,/home/ubuntu/hpproject/yolo/analyze/result/report_2604101149/fn_images/al1/target_level_fn/0407.png
al1,test,/home/ubuntu/hpproject/yolo/dataset/yolo/datasetm6c/images/test/0419.png,/home/ubuntu/hpproject/yolo/analyze/result/report_2604101149/fn_images/al1/target_level_fn/0419.png
al1,test,/home/ubuntu/hpproject/yolo/dataset/yolo/datasetm6c/images/test/0423.png,/home/ubuntu/hpproject/yolo/analyze/result/report_2604101149/fn_images/al1/target_level_fn/0423.png
al1,test,/home/ubuntu/hpproject/yolo/dataset/yolo/datasetm6c/images/test/0426.png,/home/ubuntu/hpproject/yolo/analyze/result/report_2604101149/fn_images/al1/target_level_fn/0426.png
al1,test,/home/ubuntu/hpproject/yolo/dataset/yolo/datasetm6c/images/test/0432.png,/home/ubuntu/hpproject/yolo/analyze/result/report_2604101149/fn_images/al1/target_level_fn/0432.png
al1,test,/home/ubuntu/hpproject/yolo/dataset/yolo/datasetm6c/images/test/0436.png,/home/ubuntu/hpproject/yolo/analyze/result/report_2604101149/fn_images/al1/target_level_fn/0436.png
al1,test,/home/ubuntu/hpproject/yolo/dataset/yolo/datasetm6c/images/test/0450.png,/home/ubuntu/hpproject/yolo/analyze/result/report_2604101149/fn_images/al1/target_level_fn/0450.png
al1,val,/home/ubuntu/hpproject/yolo/dataset/yolo/datasetm6c/images/val/0021.png,/home/ubuntu/hpproject/yolo/analyze/result/report_2604101149/fn_images/al1/target_level_fn/0021.png
al1,val,/home/ubuntu/hpproject/yolo/dataset/yolo/datasetm6c/images/val/0030.png,/home/ubuntu/hpproject/yolo/analyze/result/report_2604101149/fn_images/al1/target_level_fn/0030.png
al1,val,/home/ubuntu/hpproject/yolo/dataset/yolo/datasetm6c/images/val/0051.png,/home/ubuntu/hpproject/yolo/analyze/result/report_2604101149/fn_images/al1/target_level_fn/0051.png
al1,val,/home/ubuntu/hpproject/yolo/dataset/yolo/datasetm6c/images/val/0055.png,/home/ubuntu/hpproject/yolo/analyze/result/report_2604101149/fn_images/al1/target_level_fn/0055.png
al1,val,/home/ubuntu/hpproject/yolo/dataset/yolo/datasetm6c/images/val/0066.png,/home/ubuntu/hpproject/yolo/analyze/result/report_2604101149/fn_images/al1/target_level_fn/0066.png
al1,val,/home/ubuntu/hpproject/yolo/dataset/yolo/datasetm6c/images/val/0068.png,/home/ubuntu/hpproject/yolo/analyze/result/report_2604101149/fn_images/al1/target_level_fn/0068.png
al1,val,/home/ubuntu/hpproject/yolo/dataset/yolo/datasetm6c/images/val/0069.png,/home/ubuntu/hpproject/yolo/analyze/result/report_2604101149/fn_images/al1/target_level_fn/0069.png
al1,val,/home/ubuntu/hpproject/yolo/dataset/yolo/datasetm6c/images/val/0072.png,/home/ubuntu/hpproject/yolo/analyze/result/report_2604101149/fn_images/al1/target_level_fn/0072.png
al1,val,/home/ubuntu/hpproject/yolo/dataset/yolo/datasetm6c/images/val/0103.png,/home/ubuntu/hpproject/yolo/analyze/result/report_2604101149/fn_images/al1/target_level_fn/0103.png
al1,val,/home/ubuntu/hpproject/yolo/dataset/yolo/datasetm6c/images/val/0105.png,/home/ubuntu/hpproject/yolo/analyze/result/report_2604101149/fn_images/al1/target_level_fn/0105.png
al1,val,/home/ubuntu/hpproject/yolo/dataset/yolo/datasetm6c/images/val/0143.png,/home/ubuntu/hpproject/yolo/analyze/result/report_2604101149/fn_images/al1/target_level_fn/0143.png
al1,val,/home/ubuntu/hpproject/yolo/dataset/yolo/datasetm6c/images/val/0144.png,/home/ubuntu/hpproject/yolo/analyze/result/report_2604101149/fn_images/al1/target_level_fn/0144.png
al1,val,/home/ubuntu/hpproject/yolo/dataset/yolo/datasetm6c/images/val/0154.png,/home/ubuntu/hpproject/yolo/analyze/result/report_2604101149/fn_images/al1/target_level_fn/0154.png
al1,val,/home/ubuntu/hpproject/yolo/dataset/yolo/datasetm6c/images/val/0177.png,/home/ubuntu/hpproject/yolo/analyze/result/report_2604101149/fn_images/al1/target_level_fn/0177.png
al1,val,/home/ubuntu/hpproject/yolo/dataset/yolo/datasetm6c/images/val/0221.png,/home/ubuntu/hpproject/yolo/analyze/result/report_2604101149/fn_images/al1/target_level_fn/0221.png
al1,val,/home/ubuntu/hpproject/yolo/dataset/yolo/datasetm6c/images/val/0234.png,/home/ubuntu/hpproject/yolo/analyze/result/report_2604101149/fn_images/al1/target_level_fn/0234.png
al1,val,/home/ubuntu/hpproject/yolo/dataset/yolo/datasetm6c/images/val/0237.png,/home/ubuntu/hpproject/yolo/analyze/result/report_2604101149/fn_images/al1/target_level_fn/0237.png
al1,val,/home/ubuntu/hpproject/yolo/dataset/yolo/datasetm6c/images/val/0262.png,/home/ubuntu/hpproject/yolo/analyze/result/report_2604101149/fn_images/al1/target_level_fn/0262.png
al1,val,/home/ubuntu/hpproject/yolo/dataset/yolo/datasetm6c/images/val/0324.png,/home/ubuntu/hpproject/yolo/analyze/result/report_2604101149/fn_images/al1/target_level_fn/0324.png
al1,val,/home/ubuntu/hpproject/yolo/dataset/yolo/datasetm6c/images/val/0349.png,/home/ubuntu/hpproject/yolo/analyze/result/report_2604101149/fn_images/al1/target_level_fn/0349.png
al1,val,/home/ubuntu/hpproject/yolo/dataset/yolo/datasetm6c/images/val/0359.png,/home/ubuntu/hpproject/yolo/analyze/result/report_2604101149/fn_images/al1/target_level_fn/0359.png
al1,val,/home/ubuntu/hpproject/yolo/dataset/yolo/datasetm6c/images/val/0363.png,/home/ubuntu/hpproject/yolo/analyze/result/report_2604101149/fn_images/al1/target_level_fn/0363.png
al1,val,/home/ubuntu/hpproject/yolo/dataset/yolo/datasetm6c/images/val/0371.png,/home/ubuntu/hpproject/yolo/analyze/result/report_2604101149/fn_images/al1/target_level_fn/0371.png
al1,val,/home/ubuntu/hpproject/yolo/dataset/yolo/datasetm6c/images/val/0376.png,/home/ubuntu/hpproject/yolo/analyze/result/report_2604101149/fn_images/al1/target_level_fn/0376.png
al1,val,/home/ubuntu/hpproject/yolo/dataset/yolo/datasetm6c/images/val/0380.png,/home/ubuntu/hpproject/yolo/analyze/result/report_2604101149/fn_images/al1/target_level_fn/0380.png
al1,val,/home/ubuntu/hpproject/yolo/dataset/yolo/datasetm6c/images/val/0409.png,/home/ubuntu/hpproject/yolo/analyze/result/report_2604101149/fn_images/al1/target_level_fn/0409.png
al1,val,/home/ubuntu/hpproject/yolo/dataset/yolo/datasetm6c/images/val/0433.png,/home/ubuntu/hpproject/yolo/analyze/result/report_2604101149/fn_images/al1/target_level_fn/0433.png
op1,test,/home/ubuntu/hpproject/yolo/dataset/yolo/datasetm6c/images/test/0127.png,/home/ubuntu/hpproject/yolo/analyze/result/report_2604101149/fn_images/op1/target_level_fn/0127.png
op1,test,/home/ubuntu/hpproject/yolo/dataset/yolo/datasetm6c/images/test/0140.png,/home/ubuntu/hpproject/yolo/analyze/result/report_2604101149/fn_images/op1/target_level_fn/0140.png
op1,test,/home/ubuntu/hpproject/yolo/dataset/yolo/datasetm6c/images/test/0149.png,/home/ubuntu/hpproject/yolo/analyze/result/report_2604101149/fn_images/op1/target_level_fn/0149.png
op1,test,/home/ubuntu/hpproject/yolo/dataset/yolo/datasetm6c/images/test/0161.png,/home/ubuntu/hpproject/yolo/analyze/result/report_2604101149/fn_images/op1/target_level_fn/0161.png
op1,test,/home/ubuntu/hpproject/yolo/dataset/yolo/datasetm6c/images/test/0173.png,/home/ubuntu/hpproject/yolo/analyze/result/report_2604101149/fn_images/op1/target_level_fn/0173.png
op1,test,/home/ubuntu/hpproject/yolo/dataset/yolo/datasetm6c/images/test/0193.png,/home/ubuntu/hpproject/yolo/analyze/result/report_2604101149/fn_images/op1/target_level_fn/0193.png
op1,test,/home/ubuntu/hpproject/yolo/dataset/yolo/datasetm6c/images/test/0204.png,/home/ubuntu/hpproject/yolo/analyze/result/report_2604101149/fn_images/op1/target_level_fn/0204.png
op1,test,/home/ubuntu/hpproject/yolo/dataset/yolo/datasetm6c/images/test/0213.png,/home/ubuntu/hpproject/yolo/analyze/result/report_2604101149/fn_images/op1/target_level_fn/0213.png
op1,test,/home/ubuntu/hpproject/yolo/dataset/yolo/datasetm6c/images/test/0232.png,/home/ubuntu/hpproject/yolo/analyze/result/report_2604101149/fn_images/op1/target_level_fn/0232.png
op1,test,/home/ubuntu/hpproject/yolo/dataset/yolo/datasetm6c/images/test/0241.png,/home/ubuntu/hpproject/yolo/analyze/result/report_2604101149/fn_images/op1/target_level_fn/0241.png
op1,test,/home/ubuntu/hpproject/yolo/dataset/yolo/datasetm6c/images/test/0259.png,/home/ubuntu/hpproject/yolo/analyze/result/report_2604101149/fn_images/op1/target_level_fn/0259.png
op1,test,/home/ubuntu/hpproject/yolo/dataset/yolo/datasetm6c/images/test/0299.png,/home/ubuntu/hpproject/yolo/analyze/result/report_2604101149/fn_images/op1/target_level_fn/0299.png
op1,test,/home/ubuntu/hpproject/yolo/dataset/yolo/datasetm6c/images/test/0340.png,/home/ubuntu/hpproject/yolo/analyze/result/report_2604101149/fn_images/op1/target_level_fn/0340.png
op1,test,/home/ubuntu/hpproject/yolo/dataset/yolo/datasetm6c/images/test/0365.png,/home/ubuntu/hpproject/yolo/analyze/result/report_2604101149/fn_images/op1/target_level_fn/0365.png
op1,test,/home/ubuntu/hpproject/yolo/dataset/yolo/datasetm6c/images/test/0374.png,/home/ubuntu/hpproject/yolo/analyze/result/report_2604101149/fn_images/op1/target_level_fn/0374.png
op1,test,/home/ubuntu/hpproject/yolo/dataset/yolo/datasetm6c/images/test/0378.png,/home/ubuntu/hpproject/yolo/analyze/result/report_2604101149/fn_images/op1/target_level_fn/0378.png
op1,test,/home/ubuntu/hpproject/yolo/dataset/yolo/datasetm6c/images/test/0407.png,/home/ubuntu/hpproject/yolo/analyze/result/report_2604101149/fn_images/op1/target_level_fn/0407.png
op1,test,/home/ubuntu/hpproject/yolo/dataset/yolo/datasetm6c/images/test/0419.png,/home/ubuntu/hpproject/yolo/analyze/result/report_2604101149/fn_images/op1/target_level_fn/0419.png
op1,test,/home/ubuntu/hpproject/yolo/dataset/yolo/datasetm6c/images/test/0423.png,/home/ubuntu/hpproject/yolo/analyze/result/report_2604101149/fn_images/op1/target_level_fn/0423.png
op1,test,/home/ubuntu/hpproject/yolo/dataset/yolo/datasetm6c/images/test/0426.png,/home/ubuntu/hpproject/yolo/analyze/result/report_2604101149/fn_images/op1/target_level_fn/0426.png
op1,test,/home/ubuntu/hpproject/yolo/dataset/yolo/datasetm6c/images/test/0432.png,/home/ubuntu/hpproject/yolo/analyze/result/report_2604101149/fn_images/op1/target_level_fn/0432.png
op1,test,/home/ubuntu/hpproject/yolo/dataset/yolo/datasetm6c/images/test/0436.png,/home/ubuntu/hpproject/yolo/analyze/result/report_2604101149/fn_images/op1/target_level_fn/0436.png
op1,test,/home/ubuntu/hpproject/yolo/dataset/yolo/datasetm6c/images/test/0450.png,/home/ubuntu/hpproject/yolo/analyze/result/report_2604101149/fn_images/op1/target_level_fn/0450.png
op1,val,/home/ubuntu/hpproject/yolo/dataset/yolo/datasetm6c/images/val/0030.png,/home/ubuntu/hpproject/yolo/analyze/result/report_2604101149/fn_images/op1/target_level_fn/0030.png
op1,val,/home/ubuntu/hpproject/yolo/dataset/yolo/datasetm6c/images/val/0055.png,/home/ubuntu/hpproject/yolo/analyze/result/report_2604101149/fn_images/op1/target_level_fn/0055.png
op1,val,/home/ubuntu/hpproject/yolo/dataset/yolo/datasetm6c/images/val/0066.png,/home/ubuntu/hpproject/yolo/analyze/result/report_2604101149/fn_images/op1/target_level_fn/0066.png
op1,val,/home/ubuntu/hpproject/yolo/dataset/yolo/datasetm6c/images/val/0068.png,/home/ubuntu/hpproject/yolo/analyze/result/report_2604101149/fn_images/op1/target_level_fn/0068.png
op1,val,/home/ubuntu/hpproject/yolo/dataset/yolo/datasetm6c/images/val/0069.png,/home/ubuntu/hpproject/yolo/analyze/result/report_2604101149/fn_images/op1/target_level_fn/0069.png
op1,val,/home/ubuntu/hpproject/yolo/dataset/yolo/datasetm6c/images/val/0072.png,/home/ubuntu/hpproject/yolo/analyze/result/report_2604101149/fn_images/op1/target_level_fn/0072.png
op1,val,/home/ubuntu/hpproject/yolo/dataset/yolo/datasetm6c/images/val/0103.png,/home/ubuntu/hpproject/yolo/analyze/result/report_2604101149/fn_images/op1/target_level_fn/0103.png
op1,val,/home/ubuntu/hpproject/yolo/dataset/yolo/datasetm6c/images/val/0105.png,/home/ubuntu/hpproject/yolo/analyze/result/report_2604101149/fn_images/op1/target_level_fn/0105.png
op1,val,/home/ubuntu/hpproject/yolo/dataset/yolo/datasetm6c/images/val/0143.png,/home/ubuntu/hpproject/yolo/analyze/result/report_2604101149/fn_images/op1/target_level_fn/0143.png
op1,val,/home/ubuntu/hpproject/yolo/dataset/yolo/datasetm6c/images/val/0144.png,/home/ubuntu/hpproject/yolo/analyze/result/report_2604101149/fn_images/op1/target_level_fn/0144.png
op1,val,/home/ubuntu/hpproject/yolo/dataset/yolo/datasetm6c/images/val/0177.png,/home/ubuntu/hpproject/yolo/analyze/result/report_2604101149/fn_images/op1/target_level_fn/0177.png
op1,val,/home/ubuntu/hpproject/yolo/dataset/yolo/datasetm6c/images/val/0221.png,/home/ubuntu/hpproject/yolo/analyze/result/report_2604101149/fn_images/op1/target_level_fn/0221.png
op1,val,/home/ubuntu/hpproject/yolo/dataset/yolo/datasetm6c/images/val/0234.png,/home/ubuntu/hpproject/yolo/analyze/result/report_2604101149/fn_images/op1/target_level_fn/0234.png
op1,val,/home/ubuntu/hpproject/yolo/dataset/yolo/datasetm6c/images/val/0262.png,/home/ubuntu/hpproject/yolo/analyze/result/report_2604101149/fn_images/op1/target_level_fn/0262.png
op1,val,/home/ubuntu/hpproject/yolo/dataset/yolo/datasetm6c/images/val/0324.png,/home/ubuntu/hpproject/yolo/analyze/result/report_2604101149/fn_images/op1/target_level_fn/0324.png
op1,val,/home/ubuntu/hpproject/yolo/dataset/yolo/datasetm6c/images/val/0349.png,/home/ubuntu/hpproject/yolo/analyze/result/report_2604101149/fn_images/op1/target_level_fn/0349.png
op1,val,/home/ubuntu/hpproject/yolo/dataset/yolo/datasetm6c/images/val/0359.png,/home/ubuntu/hpproject/yolo/analyze/result/report_2604101149/fn_images/op1/target_level_fn/0359.png
op1,val,/home/ubuntu/hpproject/yolo/dataset/yolo/datasetm6c/images/val/0363.png,/home/ubuntu/hpproject/yolo/analyze/result/report_2604101149/fn_images/op1/target_level_fn/0363.png
op1,val,/home/ubuntu/hpproject/yolo/dataset/yolo/datasetm6c/images/val/0371.png,/home/ubuntu/hpproject/yolo/analyze/result/report_2604101149/fn_images/op1/target_level_fn/0371.png
op1,val,/home/ubuntu/hpproject/yolo/dataset/yolo/datasetm6c/images/val/0376.png,/home/ubuntu/hpproject/yolo/analyze/result/report_2604101149/fn_images/op1/target_level_fn/0376.png
op1,val,/home/ubuntu/hpproject/yolo/dataset/yolo/datasetm6c/images/val/0380.png,/home/ubuntu/hpproject/yolo/analyze/result/report_2604101149/fn_images/op1/target_level_fn/0380.png
op1,val,/home/ubuntu/hpproject/yolo/dataset/yolo/datasetm6c/images/val/0433.png,/home/ubuntu/hpproject/yolo/analyze/result/report_2604101149/fn_images/op1/target_level_fn/0433.png
op2,test,/home/ubuntu/hpproject/yolo/dataset/yolo/datasetm6c/images/test/0127.png,/home/ubuntu/hpproject/yolo/analyze/result/report_2604101149/fn_images/op2/target_level_fn/0127.png
op2,test,/home/ubuntu/hpproject/yolo/dataset/yolo/datasetm6c/images/test/0140.png,/home/ubuntu/hpproject/yolo/analyze/result/report_2604101149/fn_images/op2/target_level_fn/0140.png
op2,test,/home/ubuntu/hpproject/yolo/dataset/yolo/datasetm6c/images/test/0149.png,/home/ubuntu/hpproject/yolo/analyze/result/report_2604101149/fn_images/op2/target_level_fn/0149.png
op2,test,/home/ubuntu/hpproject/yolo/dataset/yolo/datasetm6c/images/test/0173.png,/home/ubuntu/hpproject/yolo/analyze/result/report_2604101149/fn_images/op2/target_level_fn/0173.png
op2,test,/home/ubuntu/hpproject/yolo/dataset/yolo/datasetm6c/images/test/0193.png,/home/ubuntu/hpproject/yolo/analyze/result/report_2604101149/fn_images/op2/target_level_fn/0193.png
op2,test,/home/ubuntu/hpproject/yolo/dataset/yolo/datasetm6c/images/test/0204.png,/home/ubuntu/hpproject/yolo/analyze/result/report_2604101149/fn_images/op2/target_level_fn/0204.png
op2,test,/home/ubuntu/hpproject/yolo/dataset/yolo/datasetm6c/images/test/0213.png,/home/ubuntu/hpproject/yolo/analyze/result/report_2604101149/fn_images/op2/target_level_fn/0213.png
op2,test,/home/ubuntu/hpproject/yolo/dataset/yolo/datasetm6c/images/test/0232.png,/home/ubuntu/hpproject/yolo/analyze/result/report_2604101149/fn_images/op2/target_level_fn/0232.png
op2,test,/home/ubuntu/hpproject/yolo/dataset/yolo/datasetm6c/images/test/0241.png,/home/ubuntu/hpproject/yolo/analyze/result/report_2604101149/fn_images/op2/target_level_fn/0241.png
op2,test,/home/ubuntu/hpproject/yolo/dataset/yolo/datasetm6c/images/test/0299.png,/home/ubuntu/hpproject/yolo/analyze/result/report_2604101149/fn_images/op2/target_level_fn/0299.png
op2,test,/home/ubuntu/hpproject/yolo/dataset/yolo/datasetm6c/images/test/0340.png,/home/ubuntu/hpproject/yolo/analyze/result/report_2604101149/fn_images/op2/target_level_fn/0340.png
op2,test,/home/ubuntu/hpproject/yolo/dataset/yolo/datasetm6c/images/test/0365.png,/home/ubuntu/hpproject/yolo/analyze/result/report_2604101149/fn_images/op2/target_level_fn/0365.png
op2,test,/home/ubuntu/hpproject/yolo/dataset/yolo/datasetm6c/images/test/0374.png,/home/ubuntu/hpproject/yolo/analyze/result/report_2604101149/fn_images/op2/target_level_fn/0374.png
op2,test,/home/ubuntu/hpproject/yolo/dataset/yolo/datasetm6c/images/test/0378.png,/home/ubuntu/hpproject/yolo/analyze/result/report_2604101149/fn_images/op2/target_level_fn/0378.png
op2,test,/home/ubuntu/hpproject/yolo/dataset/yolo/datasetm6c/images/test/0407.png,/home/ubuntu/hpproject/yolo/analyze/result/report_2604101149/fn_images/op2/target_level_fn/0407.png
op2,test,/home/ubuntu/hpproject/yolo/dataset/yolo/datasetm6c/images/test/0419.png,/home/ubuntu/hpproject/yolo/analyze/result/report_2604101149/fn_images/op2/target_level_fn/0419.png
op2,test,/home/ubuntu/hpproject/yolo/dataset/yolo/datasetm6c/images/test/0423.png,/home/ubuntu/hpproject/yolo/analyze/result/report_2604101149/fn_images/op2/target_level_fn/0423.png
op2,test,/home/ubuntu/hpproject/yolo/dataset/yolo/datasetm6c/images/test/0426.png,/home/ubuntu/hpproject/yolo/analyze/result/report_2604101149/fn_images/op2/target_level_fn/0426.png
op2,test,/home/ubuntu/hpproject/yolo/dataset/yolo/datasetm6c/images/test/0430.png,/home/ubuntu/hpproject/yolo/analyze/result/report_2604101149/fn_images/op2/target_level_fn/0430.png
op2,test,/home/ubuntu/hpproject/yolo/dataset/yolo/datasetm6c/images/test/0432.png,/home/ubuntu/hpproject/yolo/analyze/result/report_2604101149/fn_images/op2/target_level_fn/0432.png
op2,test,/home/ubuntu/hpproject/yolo/dataset/yolo/datasetm6c/images/test/0436.png,/home/ubuntu/hpproject/yolo/analyze/result/report_2604101149/fn_images/op2/target_level_fn/0436.png
op2,test,/home/ubuntu/hpproject/yolo/dataset/yolo/datasetm6c/images/test/0450.png,/home/ubuntu/hpproject/yolo/analyze/result/report_2604101149/fn_images/op2/target_level_fn/0450.png
op2,val,/home/ubuntu/hpproject/yolo/dataset/yolo/datasetm6c/images/val/0021.png,/home/ubuntu/hpproject/yolo/analyze/result/report_2604101149/fn_images/op2/target_level_fn/0021.png
op2,val,/home/ubuntu/hpproject/yolo/dataset/yolo/datasetm6c/images/val/0030.png,/home/ubuntu/hpproject/yolo/analyze/result/report_2604101149/fn_images/op2/target_level_fn/0030.png
op2,val,/home/ubuntu/hpproject/yolo/dataset/yolo/datasetm6c/images/val/0051.png,/home/ubuntu/hpproject/yolo/analyze/result/report_2604101149/fn_images/op2/target_level_fn/0051.png
op2,val,/home/ubuntu/hpproject/yolo/dataset/yolo/datasetm6c/images/val/0055.png,/home/ubuntu/hpproject/yolo/analyze/result/report_2604101149/fn_images/op2/target_level_fn/0055.png
op2,val,/home/ubuntu/hpproject/yolo/dataset/yolo/datasetm6c/images/val/0066.png,/home/ubuntu/hpproject/yolo/analyze/result/report_2604101149/fn_images/op2/target_level_fn/0066.png
op2,val,/home/ubuntu/hpproject/yolo/dataset/yolo/datasetm6c/images/val/0068.png,/home/ubuntu/hpproject/yolo/analyze/result/report_2604101149/fn_images/op2/target_level_fn/0068.png
op2,val,/home/ubuntu/hpproject/yolo/dataset/yolo/datasetm6c/images/val/0069.png,/home/ubuntu/hpproject/yolo/analyze/result/report_2604101149/fn_images/op2/target_level_fn/0069.png
op2,val,/home/ubuntu/hpproject/yolo/dataset/yolo/datasetm6c/images/val/0072.png,/home/ubuntu/hpproject/yolo/analyze/result/report_2604101149/fn_images/op2/target_level_fn/0072.png
op2,val,/home/ubuntu/hpproject/yolo/dataset/yolo/datasetm6c/images/val/0094.png,/home/ubuntu/hpproject/yolo/analyze/result/report_2604101149/fn_images/op2/target_level_fn/0094.png
op2,val,/home/ubuntu/hpproject/yolo/dataset/yolo/datasetm6c/images/val/0105.png,/home/ubuntu/hpproject/yolo/analyze/result/report_2604101149/fn_images/op2/target_level_fn/0105.png
op2,val,/home/ubuntu/hpproject/yolo/dataset/yolo/datasetm6c/images/val/0143.png,/home/ubuntu/hpproject/yolo/analyze/result/report_2604101149/fn_images/op2/target_level_fn/0143.png
op2,val,/home/ubuntu/hpproject/yolo/dataset/yolo/datasetm6c/images/val/0144.png,/home/ubuntu/hpproject/yolo/analyze/result/report_2604101149/fn_images/op2/target_level_fn/0144.png
op2,val,/home/ubuntu/hpproject/yolo/dataset/yolo/datasetm6c/images/val/0172.png,/home/ubuntu/hpproject/yolo/analyze/result/report_2604101149/fn_images/op2/target_level_fn/0172.png
op2,val,/home/ubuntu/hpproject/yolo/dataset/yolo/datasetm6c/images/val/0177.png,/home/ubuntu/hpproject/yolo/analyze/result/report_2604101149/fn_images/op2/target_level_fn/0177.png
op2,val,/home/ubuntu/hpproject/yolo/dataset/yolo/datasetm6c/images/val/0221.png,/home/ubuntu/hpproject/yolo/analyze/result/report_2604101149/fn_images/op2/target_level_fn/0221.png
op2,val,/home/ubuntu/hpproject/yolo/dataset/yolo/datasetm6c/images/val/0234.png,/home/ubuntu/hpproject/yolo/analyze/result/report_2604101149/fn_images/op2/target_level_fn/0234.png
op2,val,/home/ubuntu/hpproject/yolo/dataset/yolo/datasetm6c/images/val/0237.png,/home/ubuntu/hpproject/yolo/analyze/result/report_2604101149/fn_images/op2/target_level_fn/0237.png
op2,val,/home/ubuntu/hpproject/yolo/dataset/yolo/datasetm6c/images/val/0262.png,/home/ubuntu/hpproject/yolo/analyze/result/report_2604101149/fn_images/op2/target_level_fn/0262.png
op2,val,/home/ubuntu/hpproject/yolo/dataset/yolo/datasetm6c/images/val/0324.png,/home/ubuntu/hpproject/yolo/analyze/result/report_2604101149/fn_images/op2/target_level_fn/0324.png
op2,val,/home/ubuntu/hpproject/yolo/dataset/yolo/datasetm6c/images/val/0349.png,/home/ubuntu/hpproject/yolo/analyze/result/report_2604101149/fn_images/op2/target_level_fn/0349.png
op2,val,/home/ubuntu/hpproject/yolo/dataset/yolo/datasetm6c/images/val/0359.png,/home/ubuntu/hpproject/yolo/analyze/result/report_2604101149/fn_images/op2/target_level_fn/0359.png
op2,val,/home/ubuntu/hpproject/yolo/dataset/yolo/datasetm6c/images/val/0363.png,/home/ubuntu/hpproject/yolo/analyze/result/report_2604101149/fn_images/op2/target_level_fn/0363.png
op2,val,/home/ubuntu/hpproject/yolo/dataset/yolo/datasetm6c/images/val/0371.png,/home/ubuntu/hpproject/yolo/analyze/result/report_2604101149/fn_images/op2/target_level_fn/0371.png
op2,val,/home/ubuntu/hpproject/yolo/dataset/yolo/datasetm6c/images/val/0376.png,/home/ubuntu/hpproject/yolo/analyze/result/report_2604101149/fn_images/op2/target_level_fn/0376.png
op2,val,/home/ubuntu/hpproject/yolo/dataset/yolo/datasetm6c/images/val/0380.png,/home/ubuntu/hpproject/yolo/analyze/result/report_2604101149/fn_images/op2/target_level_fn/0380.png
op2,val,/home/ubuntu/hpproject/yolo/dataset/yolo/datasetm6c/images/val/0414.png,/home/ubuntu/hpproject/yolo/analyze/result/report_2604101149/fn_images/op2/target_level_fn/0414.png
op2,val,/home/ubuntu/hpproject/yolo/dataset/yolo/datasetm6c/images/val/0433.png,/home/ubuntu/hpproject/yolo/analyze/result/report_2604101149/fn_images/op2/target_level_fn/0433.png
op3,test,/home/ubuntu/hpproject/yolo/dataset/yolo/datasetm6c/images/test/0127.png,/home/ubuntu/hpproject/yolo/analyze/result/report_2604101149/fn_images/op3/target_level_fn/0127.png
op3,test,/home/ubuntu/hpproject/yolo/dataset/yolo/datasetm6c/images/test/0140.png,/home/ubuntu/hpproject/yolo/analyze/result/report_2604101149/fn_images/op3/target_level_fn/0140.png
op3,test,/home/ubuntu/hpproject/yolo/dataset/yolo/datasetm6c/images/test/0149.png,/home/ubuntu/hpproject/yolo/analyze/result/report_2604101149/fn_images/op3/target_level_fn/0149.png
op3,test,/home/ubuntu/hpproject/yolo/dataset/yolo/datasetm6c/images/test/0161.png,/home/ubuntu/hpproject/yolo/analyze/result/report_2604101149/fn_images/op3/target_level_fn/0161.png
op3,test,/home/ubuntu/hpproject/yolo/dataset/yolo/datasetm6c/images/test/0193.png,/home/ubuntu/hpproject/yolo/analyze/result/report_2604101149/fn_images/op3/target_level_fn/0193.png
op3,test,/home/ubuntu/hpproject/yolo/dataset/yolo/datasetm6c/images/test/0204.png,/home/ubuntu/hpproject/yolo/analyze/result/report_2604101149/fn_images/op3/target_level_fn/0204.png
op3,test,/home/ubuntu/hpproject/yolo/dataset/yolo/datasetm6c/images/test/0213.png,/home/ubuntu/hpproject/yolo/analyze/result/report_2604101149/fn_images/op3/target_level_fn/0213.png
op3,test,/home/ubuntu/hpproject/yolo/dataset/yolo/datasetm6c/images/test/0218.png,/home/ubuntu/hpproject/yolo/analyze/result/report_2604101149/fn_images/op3/target_level_fn/0218.png
op3,test,/home/ubuntu/hpproject/yolo/dataset/yolo/datasetm6c/images/test/0232.png,/home/ubuntu/hpproject/yolo/analyze/result/report_2604101149/fn_images/op3/target_level_fn/0232.png
op3,test,/home/ubuntu/hpproject/yolo/dataset/yolo/datasetm6c/images/test/0241.png,/home/ubuntu/hpproject/yolo/analyze/result/report_2604101149/fn_images/op3/target_level_fn/0241.png
op3,test,/home/ubuntu/hpproject/yolo/dataset/yolo/datasetm6c/images/test/0295.png,/home/ubuntu/hpproject/yolo/analyze/result/report_2604101149/fn_images/op3/target_level_fn/0295.png
op3,test,/home/ubuntu/hpproject/yolo/dataset/yolo/datasetm6c/images/test/0299.png,/home/ubuntu/hpproject/yolo/analyze/result/report_2604101149/fn_images/op3/target_level_fn/0299.png
op3,test,/home/ubuntu/hpproject/yolo/dataset/yolo/datasetm6c/images/test/0340.png,/home/ubuntu/hpproject/yolo/analyze/result/report_2604101149/fn_images/op3/target_level_fn/0340.png
op3,test,/home/ubuntu/hpproject/yolo/dataset/yolo/datasetm6c/images/test/0365.png,/home/ubuntu/hpproject/yolo/analyze/result/report_2604101149/fn_images/op3/target_level_fn/0365.png
op3,test,/home/ubuntu/hpproject/yolo/dataset/yolo/datasetm6c/images/test/0374.png,/home/ubuntu/hpproject/yolo/analyze/result/report_2604101149/fn_images/op3/target_level_fn/0374.png
op3,test,/home/ubuntu/hpproject/yolo/dataset/yolo/datasetm6c/images/test/0378.png,/home/ubuntu/hpproject/yolo/analyze/result/report_2604101149/fn_images/op3/target_level_fn/0378.png
op3,test,/home/ubuntu/hpproject/yolo/dataset/yolo/datasetm6c/images/test/0407.png,/home/ubuntu/hpproject/yolo/analyze/result/report_2604101149/fn_images/op3/target_level_fn/0407.png
op3,test,/home/ubuntu/hpproject/yolo/dataset/yolo/datasetm6c/images/test/0419.png,/home/ubuntu/hpproject/yolo/analyze/result/report_2604101149/fn_images/op3/target_level_fn/0419.png
op3,test,/home/ubuntu/hpproject/yolo/dataset/yolo/datasetm6c/images/test/0423.png,/home/ubuntu/hpproject/yolo/analyze/result/report_2604101149/fn_images/op3/target_level_fn/0423.png
op3,test,/home/ubuntu/hpproject/yolo/dataset/yolo/datasetm6c/images/test/0426.png,/home/ubuntu/hpproject/yolo/analyze/result/report_2604101149/fn_images/op3/target_level_fn/0426.png
op3,test,/home/ubuntu/hpproject/yolo/dataset/yolo/datasetm6c/images/test/0432.png,/home/ubuntu/hpproject/yolo/analyze/result/report_2604101149/fn_images/op3/target_level_fn/0432.png
op3,test,/home/ubuntu/hpproject/yolo/dataset/yolo/datasetm6c/images/test/0436.png,/home/ubuntu/hpproject/yolo/analyze/result/report_2604101149/fn_images/op3/target_level_fn/0436.png
op3,test,/home/ubuntu/hpproject/yolo/dataset/yolo/datasetm6c/images/test/0450.png,/home/ubuntu/hpproject/yolo/analyze/result/report_2604101149/fn_images/op3/target_level_fn/0450.png
op3,val,/home/ubuntu/hpproject/yolo/dataset/yolo/datasetm6c/images/val/0021.png,/home/ubuntu/hpproject/yolo/analyze/result/report_2604101149/fn_images/op3/target_level_fn/0021.png
op3,val,/home/ubuntu/hpproject/yolo/dataset/yolo/datasetm6c/images/val/0051.png,/home/ubuntu/hpproject/yolo/analyze/result/report_2604101149/fn_images/op3/target_level_fn/0051.png
op3,val,/home/ubuntu/hpproject/yolo/dataset/yolo/datasetm6c/images/val/0055.png,/home/ubuntu/hpproject/yolo/analyze/result/report_2604101149/fn_images/op3/target_level_fn/0055.png
op3,val,/home/ubuntu/hpproject/yolo/dataset/yolo/datasetm6c/images/val/0066.png,/home/ubuntu/hpproject/yolo/analyze/result/report_2604101149/fn_images/op3/target_level_fn/0066.png
op3,val,/home/ubuntu/hpproject/yolo/dataset/yolo/datasetm6c/images/val/0068.png,/home/ubuntu/hpproject/yolo/analyze/result/report_2604101149/fn_images/op3/target_level_fn/0068.png
op3,val,/home/ubuntu/hpproject/yolo/dataset/yolo/datasetm6c/images/val/0069.png,/home/ubuntu/hpproject/yolo/analyze/result/report_2604101149/fn_images/op3/target_level_fn/0069.png
op3,val,/home/ubuntu/hpproject/yolo/dataset/yolo/datasetm6c/images/val/0072.png,/home/ubuntu/hpproject/yolo/analyze/result/report_2604101149/fn_images/op3/target_level_fn/0072.png
op3,val,/home/ubuntu/hpproject/yolo/dataset/yolo/datasetm6c/images/val/0084.png,/home/ubuntu/hpproject/yolo/analyze/result/report_2604101149/fn_images/op3/target_level_fn/0084.png
op3,val,/home/ubuntu/hpproject/yolo/dataset/yolo/datasetm6c/images/val/0094.png,/home/ubuntu/hpproject/yolo/analyze/result/report_2604101149/fn_images/op3/target_level_fn/0094.png
op3,val,/home/ubuntu/hpproject/yolo/dataset/yolo/datasetm6c/images/val/0105.png,/home/ubuntu/hpproject/yolo/analyze/result/report_2604101149/fn_images/op3/target_level_fn/0105.png
op3,val,/home/ubuntu/hpproject/yolo/dataset/yolo/datasetm6c/images/val/0143.png,/home/ubuntu/hpproject/yolo/analyze/result/report_2604101149/fn_images/op3/target_level_fn/0143.png
op3,val,/home/ubuntu/hpproject/yolo/dataset/yolo/datasetm6c/images/val/0144.png,/home/ubuntu/hpproject/yolo/analyze/result/report_2604101149/fn_images/op3/target_level_fn/0144.png
op3,val,/home/ubuntu/hpproject/yolo/dataset/yolo/datasetm6c/images/val/0154.png,/home/ubuntu/hpproject/yolo/analyze/result/report_2604101149/fn_images/op3/target_level_fn/0154.png
op3,val,/home/ubuntu/hpproject/yolo/dataset/yolo/datasetm6c/images/val/0177.png,/home/ubuntu/hpproject/yolo/analyze/result/report_2604101149/fn_images/op3/target_level_fn/0177.png
op3,val,/home/ubuntu/hpproject/yolo/dataset/yolo/datasetm6c/images/val/0188.png,/home/ubuntu/hpproject/yolo/analyze/result/report_2604101149/fn_images/op3/target_level_fn/0188.png
op3,val,/home/ubuntu/hpproject/yolo/dataset/yolo/datasetm6c/images/val/0221.png,/home/ubuntu/hpproject/yolo/analyze/result/report_2604101149/fn_images/op3/target_level_fn/0221.png
op3,val,/home/ubuntu/hpproject/yolo/dataset/yolo/datasetm6c/images/val/0234.png,/home/ubuntu/hpproject/yolo/analyze/result/report_2604101149/fn_images/op3/target_level_fn/0234.png
op3,val,/home/ubuntu/hpproject/yolo/dataset/yolo/datasetm6c/images/val/0262.png,/home/ubuntu/hpproject/yolo/analyze/result/report_2604101149/fn_images/op3/target_level_fn/0262.png
op3,val,/home/ubuntu/hpproject/yolo/dataset/yolo/datasetm6c/images/val/0324.png,/home/ubuntu/hpproject/yolo/analyze/result/report_2604101149/fn_images/op3/target_level_fn/0324.png
op3,val,/home/ubuntu/hpproject/yolo/dataset/yolo/datasetm6c/images/val/0349.png,/home/ubuntu/hpproject/yolo/analyze/result/report_2604101149/fn_images/op3/target_level_fn/0349.png
op3,val,/home/ubuntu/hpproject/yolo/dataset/yolo/datasetm6c/images/val/0351.png,/home/ubuntu/hpproject/yolo/analyze/result/report_2604101149/fn_images/op3/target_level_fn/0351.png
op3,val,/home/ubuntu/hpproject/yolo/dataset/yolo/datasetm6c/images/val/0359.png,/home/ubuntu/hpproject/yolo/analyze/result/report_2604101149/fn_images/op3/target_level_fn/0359.png
op3,val,/home/ubuntu/hpproject/yolo/dataset/yolo/datasetm6c/images/val/0363.png,/home/ubuntu/hpproject/yolo/analyze/result/report_2604101149/fn_images/op3/target_level_fn/0363.png
op3,val,/home/ubuntu/hpproject/yolo/dataset/yolo/datasetm6c/images/val/0371.png,/home/ubuntu/hpproject/yolo/analyze/result/report_2604101149/fn_images/op3/target_level_fn/0371.png
op3,val,/home/ubuntu/hpproject/yolo/dataset/yolo/datasetm6c/images/val/0376.png,/home/ubuntu/hpproject/yolo/analyze/result/report_2604101149/fn_images/op3/target_level_fn/0376.png
op3,val,/home/ubuntu/hpproject/yolo/dataset/yolo/datasetm6c/images/val/0380.png,/home/ubuntu/hpproject/yolo/analyze/result/report_2604101149/fn_images/op3/target_level_fn/0380.png
op3,val,/home/ubuntu/hpproject/yolo/dataset/yolo/datasetm6c/images/val/0433.png,/home/ubuntu/hpproject/yolo/analyze/result/report_2604101149/fn_images/op3/target_level_fn/0433.png
