model_name,split,image_path,pred_idx,fp_kind,fp_type,conf,cls,box_xyxy,rule_info
bsd,val,/home/ubuntu/hpproject/yolo/dataset/yolo/datasetm6c/images/val/0007.png,1,pred_dup,texture_boundary,0.4986283481121063,0,"124.09,165.47,169.63,212.02","{""bright_ratio"": 0.0, ""grad_ratio"": 0.10009057971014493, ""near_edge"": 0.0, ""white_thresh"": 250.0, ""grad_percentile"": 90.0}"
bsd,val,/home/ubuntu/hpproject/yolo/dataset/yolo/datasetm6c/images/val/0021.png,0,pred_dup,texture_boundary,0.359843909740448,0,"183.54,91.65,261.55,156.69","{""bright_ratio"": 0.00019179133103183735, ""grad_ratio"": 0.10069044879171461, ""near_edge"": 0.0, ""white_thresh"": 250.0, ""grad_percentile"": 90.0}"
bsd,val,/home/ubuntu/hpproject/yolo/dataset/yolo/datasetm6c/images/val/0030.png,1,pred_dup,texture_boundary,0.33277779817581177,0,"260.47,184.78,334.03,276.08","{""bright_ratio"": 0.0, ""grad_ratio"": 0.10007168458781363, ""near_edge"": 0.0, ""white_thresh"": 250.0, ""grad_percentile"": 90.0}"
bsd,val,/home/ubuntu/hpproject/yolo/dataset/yolo/datasetm6c/images/val/0051.png,0,background_fp,texture_boundary,0.43612292408943176,0,"170.57,83.29,238.78,140.26","{""bright_ratio"": 0.0007496251874062968, ""grad_ratio"": 0.10094952523738131, ""near_edge"": 0.0, ""white_thresh"": 250.0, ""grad_percentile"": 90.0}"
bsd,val,/home/ubuntu/hpproject/yolo/dataset/yolo/datasetm6c/images/val/0061.png,1,pred_dup,texture_boundary,0.5267543196678162,0,"297.37,136.89,341.84,174.35","{""bright_ratio"": 0.0, ""grad_ratio"": 0.10028490028490028, ""near_edge"": 0.0, ""white_thresh"": 250.0, ""grad_percentile"": 90.0}"
bsd,val,/home/ubuntu/hpproject/yolo/dataset/yolo/datasetm6c/images/val/0061.png,2,background_fp,texture_boundary,0.3273719251155853,0,"303.30,179.54,349.14,217.72","{""bright_ratio"": 0.0, ""grad_ratio"": 0.10038188761593017, ""near_edge"": 0.0, ""white_thresh"": 250.0, ""grad_percentile"": 90.0}"
bsd,val,/home/ubuntu/hpproject/yolo/dataset/yolo/datasetm6c/images/val/0061.png,3,background_fp,highlight,0.3030138909816742,0,"224.76,87.71,261.25,121.78","{""bright_ratio"": 0.24586466165413534, ""grad_ratio"": 0.1, ""near_edge"": 0.0, ""white_thresh"": 250.0, ""grad_percentile"": 90.0}"
bsd,val,/home/ubuntu/hpproject/yolo/dataset/yolo/datasetm6c/images/val/0069.png,0,background_fp,texture_boundary,0.4192529320716858,0,"175.65,283.13,292.52,340.64","{""bright_ratio"": 0.0, ""grad_ratio"": 0.10023378141437755, ""near_edge"": 0.0, ""white_thresh"": 250.0, ""grad_percentile"": 90.0}"
bsd,val,/home/ubuntu/hpproject/yolo/dataset/yolo/datasetm6c/images/val/0084.png,1,pred_dup,highlight,0.4043962359428406,0,"248.77,116.42,289.22,156.27","{""bright_ratio"": 0.43844367015098723, ""grad_ratio"": 0.10046457607433217, ""near_edge"": 0.0, ""white_thresh"": 250.0, ""grad_percentile"": 90.0}"
bsd,val,/home/ubuntu/hpproject/yolo/dataset/yolo/datasetm6c/images/val/0084.png,2,background_fp,texture_boundary,0.3302736282348633,0,"146.81,135.08,250.62,176.19","{""bright_ratio"": 0.0, ""grad_ratio"": 0.1, ""near_edge"": 0.0, ""white_thresh"": 250.0, ""grad_percentile"": 90.0}"
bsd,val,/home/ubuntu/hpproject/yolo/dataset/yolo/datasetm6c/images/val/0124.png,1,background_fp,highlight,0.423667848110199,0,"341.56,80.69,381.49,117.41","{""bright_ratio"": 0.19383825417201542, ""grad_ratio"": 0.10012836970474968, ""near_edge"": 0.0, ""white_thresh"": 250.0, ""grad_percentile"": 90.0}"
bsd,val,/home/ubuntu/hpproject/yolo/dataset/yolo/datasetm6c/images/val/0172.png,2,pred_dup,texture_boundary,0.3926748037338257,0,"311.36,109.00,346.26,160.40","{""bright_ratio"": 0.0, ""grad_ratio"": 0.10115303983228512, ""near_edge"": 0.0, ""white_thresh"": 250.0, ""grad_percentile"": 90.0}"
bsd,val,/home/ubuntu/hpproject/yolo/dataset/yolo/datasetm6c/images/val/0179.png,1,background_fp,texture_boundary,0.462185263633728,0,"348.26,391.66,399.92,440.89","{""bright_ratio"": 0.0, ""grad_ratio"": 0.1, ""near_edge"": 0.0, ""white_thresh"": 250.0, ""grad_percentile"": 90.0}"
bsd,val,/home/ubuntu/hpproject/yolo/dataset/yolo/datasetm6c/images/val/0179.png,2,background_fp,texture_boundary,0.4584604799747467,0,"340.24,305.31,389.86,362.38","{""bright_ratio"": 0.001379310344827586, ""grad_ratio"": 0.1, ""near_edge"": 0.0, ""white_thresh"": 250.0, ""grad_percentile"": 90.0}"
bsd,val,/home/ubuntu/hpproject/yolo/dataset/yolo/datasetm6c/images/val/0234.png,0,background_fp,texture_boundary,0.3379007577896118,0,"175.27,152.89,203.14,168.52","{""bright_ratio"": 0.0, ""grad_ratio"": 0.10141987829614604, ""near_edge"": 0.0, ""white_thresh"": 250.0, ""grad_percentile"": 90.0}"
bsd,val,/home/ubuntu/hpproject/yolo/dataset/yolo/datasetm6c/images/val/0274.png,0,background_fp,highlight,0.33915793895721436,0,"188.32,142.14,218.71,184.38","{""bright_ratio"": 0.35933983495873967, ""grad_ratio"": 0.1005251312828207, ""near_edge"": 0.0, ""white_thresh"": 250.0, ""grad_percentile"": 90.0}"
bsd,val,/home/ubuntu/hpproject/yolo/dataset/yolo/datasetm6c/images/val/0289.png,0,background_fp,highlight,0.3286651372909546,0,"161.16,120.83,215.88,182.59","{""bright_ratio"": 0.2776334776334776, ""grad_ratio"": 0.10014430014430015, ""near_edge"": 0.0, ""white_thresh"": 250.0, ""grad_percentile"": 90.0}"
bsd,val,/home/ubuntu/hpproject/yolo/dataset/yolo/datasetm6c/images/val/0363.png,1,background_fp,highlight,0.4361097812652588,0,"69.37,231.80,128.13,285.22","{""bright_ratio"": 0.05242424242424242, ""grad_ratio"": 0.1003030303030303, ""near_edge"": 0.0, ""white_thresh"": 250.0, ""grad_percentile"": 90.0}"
bsd,val,/home/ubuntu/hpproject/yolo/dataset/yolo/datasetm6c/images/val/0363.png,2,background_fp,texture_boundary,0.3376174867153168,0,"195.16,207.10,233.61,252.14","{""bright_ratio"": 0.0, ""grad_ratio"": 0.10033444816053512, ""near_edge"": 0.0, ""white_thresh"": 250.0, ""grad_percentile"": 90.0}"
bsd,val,/home/ubuntu/hpproject/yolo/dataset/yolo/datasetm6c/images/val/0371.png,2,background_fp,texture_boundary,0.5740458369255066,0,"246.75,410.41,271.38,429.03","{""bright_ratio"": 0.0, ""grad_ratio"": 0.1, ""near_edge"": 0.0, ""white_thresh"": 250.0, ""grad_percentile"": 90.0}"
bsd,val,/home/ubuntu/hpproject/yolo/dataset/yolo/datasetm6c/images/val/0371.png,3,background_fp,highlight,0.5182424783706665,0,"288.34,415.86,318.80,460.67","{""bright_ratio"": 0.3246844319775596, ""grad_ratio"": 0.1002805049088359, ""near_edge"": 0.0, ""white_thresh"": 250.0, ""grad_percentile"": 90.0}"
bsd,val,/home/ubuntu/hpproject/yolo/dataset/yolo/datasetm6c/images/val/0371.png,4,pred_dup,texture_boundary,0.49054190516471863,0,"253.78,209.88,350.23,263.84","{""bright_ratio"": 0.0, ""grad_ratio"": 0.10037105751391466, ""near_edge"": 0.0, ""white_thresh"": 250.0, ""grad_percentile"": 90.0}"
bsd,val,/home/ubuntu/hpproject/yolo/dataset/yolo/datasetm6c/images/val/0403.png,1,background_fp,highlight,0.3097025752067566,0,"211.15,74.14,262.57,101.12","{""bright_ratio"": 0.25824175824175827, ""grad_ratio"": 0.10027472527472528, ""near_edge"": 0.0, ""white_thresh"": 250.0, ""grad_percentile"": 90.0}"
bsd,test,/home/ubuntu/hpproject/yolo/dataset/yolo/datasetm6c/images/test/0039.png,0,background_fp,texture_boundary,0.3380850553512573,0,"139.11,61.50,171.55,97.11","{""bright_ratio"": 0.0, ""grad_ratio"": 0.10073710073710074, ""near_edge"": 0.0, ""white_thresh"": 250.0, ""grad_percentile"": 90.0}"
bsd,test,/home/ubuntu/hpproject/yolo/dataset/yolo/datasetm6c/images/test/0071.png,0,background_fp,texture_boundary,0.4835418164730072,0,"183.69,100.68,207.43,144.60","{""bright_ratio"": 0.0, ""grad_ratio"": 0.10133333333333333, ""near_edge"": 0.0, ""white_thresh"": 250.0, ""grad_percentile"": 90.0}"
bsd,test,/home/ubuntu/hpproject/yolo/dataset/yolo/datasetm6c/images/test/0149.png,0,background_fp,texture_boundary,0.42457497119903564,0,"253.57,90.73,273.21,119.00","{""bright_ratio"": 0.0016420361247947454, ""grad_ratio"": 0.10016420361247948, ""near_edge"": 0.0, ""white_thresh"": 250.0, ""grad_percentile"": 90.0}"
bsd,test,/home/ubuntu/hpproject/yolo/dataset/yolo/datasetm6c/images/test/0161.png,1,pred_dup,texture_boundary,0.5858882069587708,0,"268.03,234.56,302.15,267.63","{""bright_ratio"": 0.0, ""grad_ratio"": 0.10084033613445378, ""near_edge"": 0.0, ""white_thresh"": 250.0, ""grad_percentile"": 90.0}"
bsd,test,/home/ubuntu/hpproject/yolo/dataset/yolo/datasetm6c/images/test/0174.png,0,background_fp,texture_boundary,0.4258209466934204,0,"232.74,153.91,281.96,204.91","{""bright_ratio"": 0.0, ""grad_ratio"": 0.1, ""near_edge"": 0.0, ""white_thresh"": 250.0, ""grad_percentile"": 90.0}"
bsd,test,/home/ubuntu/hpproject/yolo/dataset/yolo/datasetm6c/images/test/0204.png,0,pred_dup,highlight,0.668316125869751,0,"314.00,68.04,352.92,138.37","{""bright_ratio"": 0.08631274828457927, ""grad_ratio"": 0.10039725532683279, ""near_edge"": 0.0, ""white_thresh"": 250.0, ""grad_percentile"": 90.0}"
bsd,test,/home/ubuntu/hpproject/yolo/dataset/yolo/datasetm6c/images/test/0218.png,1,pred_dup,texture_boundary,0.5598716139793396,0,"137.22,93.48,282.03,160.66","{""bright_ratio"": 0.03726833199033038, ""grad_ratio"": 0.1000201450443191, ""near_edge"": 0.0, ""white_thresh"": 250.0, ""grad_percentile"": 90.0}"
bsd,test,/home/ubuntu/hpproject/yolo/dataset/yolo/datasetm6c/images/test/0259.png,2,pred_dup,texture_boundary,0.30187681317329407,0,"249.38,146.63,294.41,192.98","{""bright_ratio"": 0.0, ""grad_ratio"": 0.10083256244218317, ""near_edge"": 0.0, ""white_thresh"": 250.0, ""grad_percentile"": 90.0}"
bsd,test,/home/ubuntu/hpproject/yolo/dataset/yolo/datasetm6c/images/test/0275.png,0,background_fp,highlight,0.3925730586051941,0,"214.69,71.24,347.15,166.00","{""bright_ratio"": 0.09134017412935323, ""grad_ratio"": 0.10043532338308457, ""near_edge"": 0.0, ""white_thresh"": 250.0, ""grad_percentile"": 90.0}"
bsd,test,/home/ubuntu/hpproject/yolo/dataset/yolo/datasetm6c/images/test/0278.png,0,background_fp,texture_boundary,0.581699013710022,0,"206.76,131.08,349.72,208.54","{""bright_ratio"": 0.036146723646723646, ""grad_ratio"": 0.10033831908831908, ""near_edge"": 0.0, ""white_thresh"": 250.0, ""grad_percentile"": 90.0}"
bsd,test,/home/ubuntu/hpproject/yolo/dataset/yolo/datasetm6c/images/test/0295.png,0,background_fp,texture_boundary,0.599843442440033,0,"256.12,177.11,306.77,269.12","{""bright_ratio"": 0.0, ""grad_ratio"": 0.1003584229390681, ""near_edge"": 0.0, ""white_thresh"": 250.0, ""grad_percentile"": 90.0}"
bsd,test,/home/ubuntu/hpproject/yolo/dataset/yolo/datasetm6c/images/test/0378.png,2,pred_dup,texture_boundary,0.4765253961086273,0,"216.75,213.10,319.92,285.35","{""bright_ratio"": 0.0, ""grad_ratio"": 0.10010537407797682, ""near_edge"": 0.0, ""white_thresh"": 250.0, ""grad_percentile"": 90.0}"
bsd,test,/home/ubuntu/hpproject/yolo/dataset/yolo/datasetm6c/images/test/0413.png,0,pred_dup,texture_boundary,0.9082821607589722,0,"338.42,241.03,388.70,302.73","{""bright_ratio"": 0.0, ""grad_ratio"": 0.10025300442757748, ""near_edge"": 0.0, ""white_thresh"": 250.0, ""grad_percentile"": 90.0}"
bsd,test,/home/ubuntu/hpproject/yolo/dataset/yolo/datasetm6c/images/test/0415.png,0,background_fp,highlight,0.5598839521408081,0,"246.72,94.79,282.55,117.61","{""bright_ratio"": 0.07545045045045046, ""grad_ratio"": 0.10022522522522523, ""near_edge"": 0.0, ""white_thresh"": 250.0, ""grad_percentile"": 90.0}"
bsd,test,/home/ubuntu/hpproject/yolo/dataset/yolo/datasetm6c/images/test/0415.png,1,background_fp,texture_boundary,0.5350724458694458,0,"206.11,212.40,234.19,240.99","{""bright_ratio"": 0.0, ""grad_ratio"": 0.10107015457788347, ""near_edge"": 0.0, ""white_thresh"": 250.0, ""grad_percentile"": 90.0}"
bsd,test,/home/ubuntu/hpproject/yolo/dataset/yolo/datasetm6c/images/test/0415.png,2,background_fp,highlight,0.30335310101509094,0,"245.50,93.29,291.60,133.34","{""bright_ratio"": 0.08770108977685522, ""grad_ratio"": 0.10015568240788791, ""near_edge"": 0.0, ""white_thresh"": 250.0, ""grad_percentile"": 90.0}"
bsd,test,/home/ubuntu/hpproject/yolo/dataset/yolo/datasetm6c/images/test/0423.png,1,background_fp,texture_boundary,0.3450127840042114,0,"174.56,320.36,230.10,372.33","{""bright_ratio"": 0.0, ""grad_ratio"": 0.1002979145978153, ""near_edge"": 0.0, ""white_thresh"": 250.0, ""grad_percentile"": 90.0}"
baseline,val,/home/ubuntu/hpproject/yolo/dataset/yolo/datasetm6c/images/val/0007.png,1,pred_dup,texture_boundary,0.4092990756034851,0,"129.47,169.06,169.53,211.20","{""bright_ratio"": 0.0, ""grad_ratio"": 0.10039705048213272, ""near_edge"": 0.0, ""white_thresh"": 250.0, ""grad_percentile"": 90.0}"
baseline,val,/home/ubuntu/hpproject/yolo/dataset/yolo/datasetm6c/images/val/0030.png,0,pred_dup,texture_boundary,0.6639778017997742,0,"238.72,174.71,365.50,279.18","{""bright_ratio"": 0.047464622641509434, ""grad_ratio"": 0.10001474056603774, ""near_edge"": 0.0, ""white_thresh"": 250.0, ""grad_percentile"": 90.0}"
baseline,val,/home/ubuntu/hpproject/yolo/dataset/yolo/datasetm6c/images/val/0103.png,0,background_fp,texture_boundary,0.7795329689979553,0,"197.02,236.91,293.02,275.81","{""bright_ratio"": 0.0, ""grad_ratio"": 0.1, ""near_edge"": 0.0, ""white_thresh"": 250.0, ""grad_percentile"": 90.0}"
baseline,val,/home/ubuntu/hpproject/yolo/dataset/yolo/datasetm6c/images/val/0124.png,1,background_fp,highlight,0.5586832761764526,0,"326.56,81.11,417.19,120.38","{""bright_ratio"": 0.34130434782608693, ""grad_ratio"": 0.1, ""near_edge"": 0.0, ""white_thresh"": 250.0, ""grad_percentile"": 90.0}"
baseline,val,/home/ubuntu/hpproject/yolo/dataset/yolo/datasetm6c/images/val/0136.png,1,pred_dup,highlight,0.46528828144073486,0,"305.58,74.89,394.42,149.46","{""bright_ratio"": 0.23742690058479532, ""grad_ratio"": 0.1, ""near_edge"": 0.0, ""white_thresh"": 250.0, ""grad_percentile"": 90.0}"
baseline,val,/home/ubuntu/hpproject/yolo/dataset/yolo/datasetm6c/images/val/0142.png,1,pred_dup,highlight,0.6825495958328247,0,"197.49,121.89,370.14,173.89","{""bright_ratio"": 0.18217306441119063, ""grad_ratio"": 0.10008674907829104, ""near_edge"": 0.0, ""white_thresh"": 250.0, ""grad_percentile"": 90.0}"
baseline,val,/home/ubuntu/hpproject/yolo/dataset/yolo/datasetm6c/images/val/0143.png,0,pred_dup,highlight,0.8467525243759155,0,"129.93,287.05,315.83,345.94","{""bright_ratio"": 0.2391008791806399, ""grad_ratio"": 0.10033535756367262, ""near_edge"": 0.0, ""white_thresh"": 250.0, ""grad_percentile"": 90.0}"
baseline,val,/home/ubuntu/hpproject/yolo/dataset/yolo/datasetm6c/images/val/0179.png,1,background_fp,texture_boundary,0.3895397186279297,0,"350.72,391.13,400.46,443.90","{""bright_ratio"": 0.0, ""grad_ratio"": 0.10025897151313355, ""near_edge"": 0.0, ""white_thresh"": 250.0, ""grad_percentile"": 90.0}"
baseline,val,/home/ubuntu/hpproject/yolo/dataset/yolo/datasetm6c/images/val/0224.png,1,pred_dup,texture_boundary,0.43757447600364685,0,"304.15,144.04,367.13,201.15","{""bright_ratio"": 0.023706896551724137, ""grad_ratio"": 0.10048491379310345, ""near_edge"": 0.0, ""white_thresh"": 250.0, ""grad_percentile"": 90.0}"
baseline,val,/home/ubuntu/hpproject/yolo/dataset/yolo/datasetm6c/images/val/0224.png,2,pred_dup,highlight,0.4281994104385376,0,"202.99,62.20,361.16,152.61","{""bright_ratio"": 0.28035714285714286, ""grad_ratio"": 0.10020604395604396, ""near_edge"": 0.0, ""white_thresh"": 250.0, ""grad_percentile"": 90.0}"
baseline,val,/home/ubuntu/hpproject/yolo/dataset/yolo/datasetm6c/images/val/0226.png,1,background_fp,texture_boundary,0.40409743785858154,0,"323.79,168.41,351.92,204.94","{""bright_ratio"": 0.0, ""grad_ratio"": 0.10065237651444547, ""near_edge"": 0.0, ""white_thresh"": 250.0, ""grad_percentile"": 90.0}"
baseline,val,/home/ubuntu/hpproject/yolo/dataset/yolo/datasetm6c/images/val/0262.png,0,background_fp,highlight,0.40019237995147705,0,"203.47,213.62,241.42,292.28","{""bright_ratio"": 0.08365384615384615, ""grad_ratio"": 0.1, ""near_edge"": 0.0, ""white_thresh"": 250.0, ""grad_percentile"": 90.0}"
baseline,val,/home/ubuntu/hpproject/yolo/dataset/yolo/datasetm6c/images/val/0272.png,0,background_fp,texture_boundary,0.3444831967353821,0,"340.01,178.53,385.75,226.07","{""bright_ratio"": 0.0, ""grad_ratio"": 0.10070984915705412, ""near_edge"": 0.0, ""white_thresh"": 250.0, ""grad_percentile"": 90.0}"
baseline,val,/home/ubuntu/hpproject/yolo/dataset/yolo/datasetm6c/images/val/0274.png,0,background_fp,highlight,0.6626779437065125,0,"189.41,141.24,219.18,183.01","{""bright_ratio"": 0.35783945986496624, ""grad_ratio"": 0.1005251312828207, ""near_edge"": 0.0, ""white_thresh"": 250.0, ""grad_percentile"": 90.0}"
baseline,val,/home/ubuntu/hpproject/yolo/dataset/yolo/datasetm6c/images/val/0289.png,0,background_fp,highlight,0.3112848401069641,0,"161.28,121.72,211.73,176.71","{""bright_ratio"": 0.32177871148459386, ""grad_ratio"": 0.10014005602240897, ""near_edge"": 0.0, ""white_thresh"": 250.0, ""grad_percentile"": 90.0}"
baseline,val,/home/ubuntu/hpproject/yolo/dataset/yolo/datasetm6c/images/val/0363.png,0,pred_dup,texture_boundary,0.608336865901947,0,"297.66,155.85,331.20,194.80","{""bright_ratio"": 0.0, ""grad_ratio"": 0.1, ""near_edge"": 0.0, ""white_thresh"": 250.0, ""grad_percentile"": 90.0}"
baseline,val,/home/ubuntu/hpproject/yolo/dataset/yolo/datasetm6c/images/val/0371.png,2,background_fp,highlight,0.6958921551704407,0,"287.76,416.60,319.05,460.90","{""bright_ratio"": 0.3447811447811448, ""grad_ratio"": 0.10033670033670034, ""near_edge"": 0.0, ""white_thresh"": 250.0, ""grad_percentile"": 90.0}"
baseline,val,/home/ubuntu/hpproject/yolo/dataset/yolo/datasetm6c/images/val/0371.png,5,pred_dup,highlight,0.44817155599594116,0,"397.19,291.04,459.06,358.63","{""bright_ratio"": 0.24859943977591037, ""grad_ratio"": 0.10014005602240897, ""near_edge"": 0.0, ""white_thresh"": 250.0, ""grad_percentile"": 90.0}"
baseline,val,/home/ubuntu/hpproject/yolo/dataset/yolo/datasetm6c/images/val/0371.png,6,pred_dup,highlight,0.4231376647949219,0,"372.52,101.57,403.30,153.47","{""bright_ratio"": 0.28596698113207547, ""grad_ratio"": 0.10023584905660378, ""near_edge"": 0.0, ""white_thresh"": 250.0, ""grad_percentile"": 90.0}"
baseline,val,/home/ubuntu/hpproject/yolo/dataset/yolo/datasetm6c/images/val/0433.png,1,pred_dup,texture_boundary,0.42785272002220154,0,"151.11,130.41,185.04,169.74","{""bright_ratio"": 0.0, ""grad_ratio"": 0.1, ""near_edge"": 0.0, ""white_thresh"": 250.0, ""grad_percentile"": 90.0}"
baseline,test,/home/ubuntu/hpproject/yolo/dataset/yolo/datasetm6c/images/test/0031.png,1,pred_dup,texture_boundary,0.30173805356025696,0,"79.06,105.65,168.97,202.94","{""bright_ratio"": 0.030839002267573697, ""grad_ratio"": 0.10034013605442177, ""near_edge"": 0.0, ""white_thresh"": 250.0, ""grad_percentile"": 90.0}"
baseline,test,/home/ubuntu/hpproject/yolo/dataset/yolo/datasetm6c/images/test/0096.png,0,background_fp,highlight,0.7239652276039124,0,"317.04,90.23,355.28,139.83","{""bright_ratio"": 0.28102564102564104, ""grad_ratio"": 0.1, ""near_edge"": 0.0, ""white_thresh"": 250.0, ""grad_percentile"": 90.0}"
baseline,test,/home/ubuntu/hpproject/yolo/dataset/yolo/datasetm6c/images/test/0096.png,1,background_fp,texture_boundary,0.639782190322876,0,"206.36,145.42,232.34,197.21","{""bright_ratio"": 0.0, ""grad_ratio"": 0.10062893081761007, ""near_edge"": 0.0, ""white_thresh"": 250.0, ""grad_percentile"": 90.0}"
baseline,test,/home/ubuntu/hpproject/yolo/dataset/yolo/datasetm6c/images/test/0139.png,0,pred_dup,highlight,0.8554696440696716,0,"200.80,83.03,366.61,224.90","{""bright_ratio"": 0.0869106856709117, ""grad_ratio"": 0.10006747069241798, ""near_edge"": 0.0, ""white_thresh"": 250.0, ""grad_percentile"": 90.0}"
baseline,test,/home/ubuntu/hpproject/yolo/dataset/yolo/datasetm6c/images/test/0139.png,2,pred_dup,texture_boundary,0.38697800040245056,0,"242.95,190.03,342.05,227.12","{""bright_ratio"": 0.0, ""grad_ratio"": 0.10005211047420531, ""near_edge"": 0.0, ""white_thresh"": 250.0, ""grad_percentile"": 90.0}"
baseline,test,/home/ubuntu/hpproject/yolo/dataset/yolo/datasetm6c/images/test/0149.png,0,background_fp,highlight,0.6250231266021729,0,"250.30,85.88,278.93,126.76","{""bright_ratio"": 0.07799671592775041, ""grad_ratio"": 0.10016420361247948, ""near_edge"": 0.0, ""white_thresh"": 250.0, ""grad_percentile"": 90.0}"
baseline,test,/home/ubuntu/hpproject/yolo/dataset/yolo/datasetm6c/images/test/0171.png,3,background_fp,texture_boundary,0.41116029024124146,0,"311.82,220.48,358.48,273.16","{""bright_ratio"": 0.0, ""grad_ratio"": 0.10030864197530864, ""near_edge"": 0.0, ""white_thresh"": 250.0, ""grad_percentile"": 90.0}"
baseline,test,/home/ubuntu/hpproject/yolo/dataset/yolo/datasetm6c/images/test/0295.png,0,background_fp,texture_boundary,0.7868553400039673,0,"256.17,201.40,303.48,269.90","{""bright_ratio"": 0.0, ""grad_ratio"": 0.10024154589371981, ""near_edge"": 0.0, ""white_thresh"": 250.0, ""grad_percentile"": 90.0}"
baseline,test,/home/ubuntu/hpproject/yolo/dataset/yolo/datasetm6c/images/test/0340.png,1,background_fp,texture_boundary,0.35909128189086914,0,"226.41,192.26,256.18,246.33","{""bright_ratio"": 0.0, ""grad_ratio"": 0.10029325513196481, ""near_edge"": 0.0, ""white_thresh"": 250.0, ""grad_percentile"": 90.0}"
baseline,test,/home/ubuntu/hpproject/yolo/dataset/yolo/datasetm6c/images/test/0378.png,3,pred_dup,texture_boundary,0.31860190629959106,0,"344.00,314.27,383.70,355.74","{""bright_ratio"": 0.0, ""grad_ratio"": 0.1, ""near_edge"": 0.0, ""white_thresh"": 250.0, ""grad_percentile"": 90.0}"
baseline,test,/home/ubuntu/hpproject/yolo/dataset/yolo/datasetm6c/images/test/0413.png,1,pred_dup,texture_boundary,0.8449305891990662,0,"268.42,265.11,341.74,348.80","{""bright_ratio"": 0.0, ""grad_ratio"": 0.10006435006435006, ""near_edge"": 0.0, ""white_thresh"": 250.0, ""grad_percentile"": 90.0}"
baseline,test,/home/ubuntu/hpproject/yolo/dataset/yolo/datasetm6c/images/test/0423.png,0,background_fp,texture_boundary,0.8723844289779663,0,"171.27,319.37,227.74,373.82","{""bright_ratio"": 0.0, ""grad_ratio"": 0.10015948963317384, ""near_edge"": 0.0, ""white_thresh"": 250.0, ""grad_percentile"": 90.0}"
baseline,test,/home/ubuntu/hpproject/yolo/dataset/yolo/datasetm6c/images/test/0423.png,1,background_fp,texture_boundary,0.8050621151924133,0,"189.01,223.21,287.61,266.31","{""bright_ratio"": 0.0, ""grad_ratio"": 0.10009182736455463, ""near_edge"": 0.0, ""white_thresh"": 250.0, ""grad_percentile"": 90.0}"
baseline,test,/home/ubuntu/hpproject/yolo/dataset/yolo/datasetm6c/images/test/0423.png,3,background_fp,texture_boundary,0.7294995784759521,0,"193.34,293.98,277.69,325.26","{""bright_ratio"": 0.0, ""grad_ratio"": 0.10017825311942959, ""near_edge"": 0.0, ""white_thresh"": 250.0, ""grad_percentile"": 90.0}"
our,val,/home/ubuntu/hpproject/yolo/dataset/yolo/datasetm6c/images/val/0061.png,1,background_fp,texture_boundary,0.39849361777305603,0,"304.67,179.67,346.10,215.63","{""bright_ratio"": 0.0, ""grad_ratio"": 0.1005656819610308, ""near_edge"": 0.0, ""white_thresh"": 250.0, ""grad_percentile"": 90.0}"
our,val,/home/ubuntu/hpproject/yolo/dataset/yolo/datasetm6c/images/val/0061.png,2,background_fp,texture_boundary,0.31651923060417175,0,"240.08,154.00,299.45,199.01","{""bright_ratio"": 0.0, ""grad_ratio"": 0.1, ""near_edge"": 0.0, ""white_thresh"": 250.0, ""grad_percentile"": 90.0}"
our,val,/home/ubuntu/hpproject/yolo/dataset/yolo/datasetm6c/images/val/0124.png,1,background_fp,highlight,0.5199523568153381,0,"337.14,79.62,378.00,116.26","{""bright_ratio"": 0.2556390977443609, ""grad_ratio"": 0.10025062656641603, ""near_edge"": 0.0, ""white_thresh"": 250.0, ""grad_percentile"": 90.0}"
our,val,/home/ubuntu/hpproject/yolo/dataset/yolo/datasetm6c/images/val/0177.png,1,pred_dup,highlight,0.7534721493721008,0,"103.12,84.42,281.94,234.20","{""bright_ratio"": 0.26623256502275333, ""grad_ratio"": 0.10004069702911687, ""near_edge"": 0.0, ""white_thresh"": 250.0, ""grad_percentile"": 90.0}"
our,val,/home/ubuntu/hpproject/yolo/dataset/yolo/datasetm6c/images/val/0234.png,0,background_fp,texture_boundary,0.42453131079673767,0,"158.96,184.04,233.95,211.83","{""bright_ratio"": 0.013157894736842105, ""grad_ratio"": 0.10009398496240601, ""near_edge"": 0.0, ""white_thresh"": 250.0, ""grad_percentile"": 90.0}"
our,val,/home/ubuntu/hpproject/yolo/dataset/yolo/datasetm6c/images/val/0289.png,0,background_fp,highlight,0.3009265065193176,0,"165.23,118.25,211.21,183.89","{""bright_ratio"": 0.2746615087040619, ""grad_ratio"": 0.10090264345583494, ""near_edge"": 0.0, ""white_thresh"": 250.0, ""grad_percentile"": 90.0}"
our,val,/home/ubuntu/hpproject/yolo/dataset/yolo/datasetm6c/images/val/0363.png,0,pred_dup,texture_boundary,0.6509434580802917,0,"294.29,153.68,332.00,207.32","{""bright_ratio"": 0.0, ""grad_ratio"": 0.10023310023310024, ""near_edge"": 0.0, ""white_thresh"": 250.0, ""grad_percentile"": 90.0}"
our,test,/home/ubuntu/hpproject/yolo/dataset/yolo/datasetm6c/images/test/0049.png,1,background_fp,texture_boundary,0.3486423194408417,0,"171.88,102.21,202.79,131.62","{""bright_ratio"": 0.0, ""grad_ratio"": 0.1, ""near_edge"": 0.0, ""white_thresh"": 250.0, ""grad_percentile"": 90.0}"
our,test,/home/ubuntu/hpproject/yolo/dataset/yolo/datasetm6c/images/test/0139.png,0,pred_dup,highlight,0.7843533158302307,0,"206.47,84.86,409.68,231.62","{""bright_ratio"": 0.1334790673025967, ""grad_ratio"": 0.10002649708532062, ""near_edge"": 0.0, ""white_thresh"": 250.0, ""grad_percentile"": 90.0}"
our,test,/home/ubuntu/hpproject/yolo/dataset/yolo/datasetm6c/images/test/0149.png,0,background_fp,texture_boundary,0.3140820264816284,0,"180.06,115.02,226.97,148.75","{""bright_ratio"": 0.0, ""grad_ratio"": 0.10012515644555695, ""near_edge"": 0.0, ""white_thresh"": 250.0, ""grad_percentile"": 90.0}"
our,test,/home/ubuntu/hpproject/yolo/dataset/yolo/datasetm6c/images/test/0218.png,1,pred_dup,texture_boundary,0.4180285930633545,0,"187.63,127.92,262.29,173.54","{""bright_ratio"": 0.0, ""grad_ratio"": 0.10022396416573348, ""near_edge"": 0.0, ""white_thresh"": 250.0, ""grad_percentile"": 90.0}"
our,test,/home/ubuntu/hpproject/yolo/dataset/yolo/datasetm6c/images/test/0258.png,1,background_fp,highlight,0.4287242889404297,0,"223.07,189.66,305.82,235.77","{""bright_ratio"": 0.06690592155857472, ""grad_ratio"": 0.10023071007433991, ""near_edge"": 0.0, ""white_thresh"": 250.0, ""grad_percentile"": 90.0}"
our,test,/home/ubuntu/hpproject/yolo/dataset/yolo/datasetm6c/images/test/0295.png,0,background_fp,texture_boundary,0.374679833650589,0,"256.42,202.94,304.17,273.40","{""bright_ratio"": 0.0, ""grad_ratio"": 0.10034013605442177, ""near_edge"": 0.0, ""white_thresh"": 250.0, ""grad_percentile"": 90.0}"
our,test,/home/ubuntu/hpproject/yolo/dataset/yolo/datasetm6c/images/test/0340.png,0,background_fp,texture_boundary,0.3513283133506775,0,"228.94,195.10,253.97,243.01","{""bright_ratio"": 0.0, ""grad_ratio"": 0.10047095761381476, ""near_edge"": 0.0, ""white_thresh"": 250.0, ""grad_percentile"": 90.0}"
our,test,/home/ubuntu/hpproject/yolo/dataset/yolo/datasetm6c/images/test/0357.png,0,background_fp,texture_boundary,0.5038470029830933,0,"161.47,292.51,179.25,312.10","{""bright_ratio"": 0.0, ""grad_ratio"": 0.10025062656641603, ""near_edge"": 0.0, ""white_thresh"": 250.0, ""grad_percentile"": 90.0}"
our,test,/home/ubuntu/hpproject/yolo/dataset/yolo/datasetm6c/images/test/0413.png,1,pred_dup,texture_boundary,0.6206903457641602,0,"262.76,263.71,343.66,353.15","{""bright_ratio"": 0.0, ""grad_ratio"": 0.10091128383811311, ""near_edge"": 0.0, ""white_thresh"": 250.0, ""grad_percentile"": 90.0}"
our,test,/home/ubuntu/hpproject/yolo/dataset/yolo/datasetm6c/images/test/0423.png,2,background_fp,texture_boundary,0.5088234543800354,0,"173.29,339.92,203.11,370.56","{""bright_ratio"": 0.0, ""grad_ratio"": 0.10080645161290322, ""near_edge"": 0.0, ""white_thresh"": 250.0, ""grad_percentile"": 90.0}"
our,test,/home/ubuntu/hpproject/yolo/dataset/yolo/datasetm6c/images/test/0423.png,4,background_fp,texture_boundary,0.327961266040802,0,"215.84,294.20,277.36,326.32","{""bright_ratio"": 0.0, ""grad_ratio"": 0.10052910052910052, ""near_edge"": 0.0, ""white_thresh"": 250.0, ""grad_percentile"": 90.0}"
our,test,/home/ubuntu/hpproject/yolo/dataset/yolo/datasetm6c/images/test/0430.png,0,pred_dup,texture_boundary,0.4465935528278351,0,"222.39,173.31,254.14,187.38","{""bright_ratio"": 0.0, ""grad_ratio"": 0.10101010101010101, ""near_edge"": 0.0, ""white_thresh"": 250.0, ""grad_percentile"": 90.0}"
hmc,val,/home/ubuntu/hpproject/yolo/dataset/yolo/datasetm6c/images/val/0069.png,0,background_fp,texture_boundary,0.45677971839904785,0,"184.15,282.93,291.91,342.33","{""bright_ratio"": 0.0, ""grad_ratio"": 0.10018214936247723, ""near_edge"": 0.0, ""white_thresh"": 250.0, ""grad_percentile"": 90.0}"
hmc,val,/home/ubuntu/hpproject/yolo/dataset/yolo/datasetm6c/images/val/0177.png,2,pred_dup,highlight,0.504267692565918,0,"182.77,84.85,287.38,206.84","{""bright_ratio"": 0.17211228716060745, ""grad_ratio"": 0.10009203865623562, ""near_edge"": 0.0, ""white_thresh"": 250.0, ""grad_percentile"": 90.0}"
hmc,val,/home/ubuntu/hpproject/yolo/dataset/yolo/datasetm6c/images/val/0234.png,0,background_fp,texture_boundary,0.5073139071464539,0,"159.79,179.50,308.09,220.29","{""bright_ratio"": 0.004285714285714286, ""grad_ratio"": 0.10047619047619048, ""near_edge"": 0.0, ""white_thresh"": 250.0, ""grad_percentile"": 90.0}"
hmc,val,/home/ubuntu/hpproject/yolo/dataset/yolo/datasetm6c/images/val/0289.png,0,background_fp,highlight,0.5506458282470703,0,"160.63,118.54,211.77,178.92","{""bright_ratio"": 0.35119798234552335, ""grad_ratio"": 0.10025220680958385, ""near_edge"": 0.0, ""white_thresh"": 250.0, ""grad_percentile"": 90.0}"
hmc,val,/home/ubuntu/hpproject/yolo/dataset/yolo/datasetm6c/images/val/0363.png,1,pred_dup,texture_boundary,0.33581462502479553,0,"301.32,155.16,331.30,198.25","{""bright_ratio"": 0.0, ""grad_ratio"": 0.10043988269794721, ""near_edge"": 0.0, ""white_thresh"": 250.0, ""grad_percentile"": 90.0}"
hmc,val,/home/ubuntu/hpproject/yolo/dataset/yolo/datasetm6c/images/val/0363.png,2,background_fp,texture_boundary,0.30060359835624695,0,"388.27,310.99,402.00,342.49","{""bright_ratio"": 0.0, ""grad_ratio"": 0.10173160173160173, ""near_edge"": 0.0, ""white_thresh"": 250.0, ""grad_percentile"": 90.0}"
hmc,val,/home/ubuntu/hpproject/yolo/dataset/yolo/datasetm6c/images/val/0371.png,2,background_fp,highlight,0.6661815047264099,0,"290.42,422.95,313.87,462.99","{""bright_ratio"": 0.3434959349593496, ""grad_ratio"": 0.10060975609756098, ""near_edge"": 0.0, ""white_thresh"": 250.0, ""grad_percentile"": 90.0}"
hmc,test,/home/ubuntu/hpproject/yolo/dataset/yolo/datasetm6c/images/test/0112.png,2,background_fp,texture_boundary,0.331546425819397,0,"196.11,178.14,259.69,297.43","{""bright_ratio"": 0.0, ""grad_ratio"": 0.10013020833333333, ""near_edge"": 0.0, ""white_thresh"": 250.0, ""grad_percentile"": 90.0}"
hmc,test,/home/ubuntu/hpproject/yolo/dataset/yolo/datasetm6c/images/test/0139.png,0,pred_dup,highlight,0.8543719053268433,0,"207.58,84.68,365.50,237.17","{""bright_ratio"": 0.06942742791799396, ""grad_ratio"": 0.10013885485583598, ""near_edge"": 0.0, ""white_thresh"": 250.0, ""grad_percentile"": 90.0}"
hmc,test,/home/ubuntu/hpproject/yolo/dataset/yolo/datasetm6c/images/test/0259.png,1,background_fp,texture_boundary,0.7715167999267578,0,"268.21,302.18,388.45,338.01","{""bright_ratio"": 0.0, ""grad_ratio"": 0.10006700915791825, ""near_edge"": 0.0, ""white_thresh"": 250.0, ""grad_percentile"": 90.0}"
hmc,test,/home/ubuntu/hpproject/yolo/dataset/yolo/datasetm6c/images/test/0407.png,1,background_fp,texture_boundary,0.5783642530441284,0,"184.00,252.45,292.37,285.23","{""bright_ratio"": 0.0, ""grad_ratio"": 0.10010793308148948, ""near_edge"": 0.0, ""white_thresh"": 250.0, ""grad_percentile"": 90.0}"
hmc,test,/home/ubuntu/hpproject/yolo/dataset/yolo/datasetm6c/images/test/0413.png,1,pred_dup,texture_boundary,0.8357407450675964,0,"340.69,240.14,386.46,300.68","{""bright_ratio"": 0.0, ""grad_ratio"": 0.10010463899546565, ""near_edge"": 0.0, ""white_thresh"": 250.0, ""grad_percentile"": 90.0}"
hmc,test,/home/ubuntu/hpproject/yolo/dataset/yolo/datasetm6c/images/test/0423.png,0,background_fp,texture_boundary,0.7750978469848633,0,"174.84,320.14,228.43,375.45","{""bright_ratio"": 0.0, ""grad_ratio"": 0.10032467532467533, ""near_edge"": 0.0, ""white_thresh"": 250.0, ""grad_percentile"": 90.0}"
al3,val,/home/ubuntu/hpproject/yolo/dataset/yolo/datasetm6c/images/val/0020.png,0,background_fp,texture_boundary,0.3289322257041931,0,"203.16,125.44,259.12,159.63","{""bright_ratio"": 0.0, ""grad_ratio"": 0.10025062656641603, ""near_edge"": 0.0, ""white_thresh"": 250.0, ""grad_percentile"": 90.0}"
al3,val,/home/ubuntu/hpproject/yolo/dataset/yolo/datasetm6c/images/val/0061.png,1,pred_dup,texture_boundary,0.6777196526527405,0,"299.53,139.37,342.19,170.60","{""bright_ratio"": 0.0, ""grad_ratio"": 0.10014204545454546, ""near_edge"": 0.0, ""white_thresh"": 250.0, ""grad_percentile"": 90.0}"
al3,val,/home/ubuntu/hpproject/yolo/dataset/yolo/datasetm6c/images/val/0103.png,0,background_fp,texture_boundary,0.44285812973976135,0,"197.96,234.55,293.50,273.52","{""bright_ratio"": 0.0, ""grad_ratio"": 0.1, ""near_edge"": 0.0, ""white_thresh"": 250.0, ""grad_percentile"": 90.0}"
al3,val,/home/ubuntu/hpproject/yolo/dataset/yolo/datasetm6c/images/val/0124.png,1,background_fp,highlight,0.38220179080963135,0,"337.36,80.67,380.24,121.45","{""bright_ratio"": 0.2050865800865801, ""grad_ratio"": 0.1001082251082251, ""near_edge"": 0.0, ""white_thresh"": 250.0, ""grad_percentile"": 90.0}"
al3,val,/home/ubuntu/hpproject/yolo/dataset/yolo/datasetm6c/images/val/0142.png,1,pred_dup,highlight,0.39871343970298767,0,"199.29,120.18,369.67,209.41","{""bright_ratio"": 0.11241065627030539, ""grad_ratio"": 0.1, ""near_edge"": 0.0, ""white_thresh"": 250.0, ""grad_percentile"": 90.0}"
al3,val,/home/ubuntu/hpproject/yolo/dataset/yolo/datasetm6c/images/val/0160.png,0,background_fp,texture_boundary,0.5282811522483826,0,"223.29,160.46,279.94,252.83","{""bright_ratio"": 0.0, ""grad_ratio"": 0.100169779286927, ""near_edge"": 0.0, ""white_thresh"": 250.0, ""grad_percentile"": 90.0}"
al3,val,/home/ubuntu/hpproject/yolo/dataset/yolo/datasetm6c/images/val/0246.png,0,background_fp,texture_boundary,0.341999351978302,0,"216.98,198.29,282.22,242.37","{""bright_ratio"": 0.0, ""grad_ratio"": 0.10016583747927031, ""near_edge"": 0.0, ""white_thresh"": 250.0, ""grad_percentile"": 90.0}"
al3,val,/home/ubuntu/hpproject/yolo/dataset/yolo/datasetm6c/images/val/0289.png,0,background_fp,highlight,0.39069491624832153,0,"158.41,117.61,217.02,179.79","{""bright_ratio"": 0.34074074074074073, ""grad_ratio"": 0.1, ""near_edge"": 0.0, ""white_thresh"": 250.0, ""grad_percentile"": 90.0}"
al3,val,/home/ubuntu/hpproject/yolo/dataset/yolo/datasetm6c/images/val/0351.png,0,background_fp,highlight,0.43083688616752625,0,"389.46,260.85,407.99,288.95","{""bright_ratio"": 0.16696914700544466, ""grad_ratio"": 0.10163339382940109, ""near_edge"": 0.0, ""white_thresh"": 250.0, ""grad_percentile"": 90.0}"
al3,val,/home/ubuntu/hpproject/yolo/dataset/yolo/datasetm6c/images/val/0354.png,2,pred_dup,texture_boundary,0.3266266882419586,0,"229.53,203.58,258.58,228.13","{""bright_ratio"": 0.0, ""grad_ratio"": 0.1, ""near_edge"": 0.0, ""white_thresh"": 250.0, ""grad_percentile"": 90.0}"
al3,val,/home/ubuntu/hpproject/yolo/dataset/yolo/datasetm6c/images/val/0363.png,1,background_fp,texture_boundary,0.324285626411438,0,"97.69,230.88,124.27,263.32","{""bright_ratio"": 0.0, ""grad_ratio"": 0.10084033613445378, ""near_edge"": 0.0, ""white_thresh"": 250.0, ""grad_percentile"": 90.0}"
al3,val,/home/ubuntu/hpproject/yolo/dataset/yolo/datasetm6c/images/val/0371.png,2,background_fp,texture_boundary,0.6119607090950012,0,"244.03,409.56,271.32,429.28","{""bright_ratio"": 0.0, ""grad_ratio"": 0.10034013605442177, ""near_edge"": 0.0, ""white_thresh"": 250.0, ""grad_percentile"": 90.0}"
al3,val,/home/ubuntu/hpproject/yolo/dataset/yolo/datasetm6c/images/val/0371.png,5,pred_dup,highlight,0.4695543944835663,0,"351.48,105.14,396.65,151.94","{""bright_ratio"": 0.0971322849213691, ""grad_ratio"": 0.10037002775208141, ""near_edge"": 0.0, ""white_thresh"": 250.0, ""grad_percentile"": 90.0}"
al3,val,/home/ubuntu/hpproject/yolo/dataset/yolo/datasetm6c/images/val/0428.png,0,background_fp,highlight,0.3075709342956543,0,"345.79,373.36,362.13,394.18","{""bright_ratio"": 0.05808080808080808, ""grad_ratio"": 0.10101010101010101, ""near_edge"": 0.0, ""white_thresh"": 250.0, ""grad_percentile"": 90.0}"
al3,val,/home/ubuntu/hpproject/yolo/dataset/yolo/datasetm6c/images/val/0433.png,1,background_fp,texture_boundary,0.3005104660987854,0,"146.93,205.76,206.75,261.36","{""bright_ratio"": 0.0, ""grad_ratio"": 0.1006614897900489, ""near_edge"": 0.0, ""white_thresh"": 250.0, ""grad_percentile"": 90.0}"
al3,test,/home/ubuntu/hpproject/yolo/dataset/yolo/datasetm6c/images/test/0049.png,0,background_fp,texture_boundary,0.37940678000450134,0,"164.97,101.99,207.37,132.23","{""bright_ratio"": 0.0, ""grad_ratio"": 0.10014204545454546, ""near_edge"": 0.0, ""white_thresh"": 250.0, ""grad_percentile"": 90.0}"
al3,test,/home/ubuntu/hpproject/yolo/dataset/yolo/datasetm6c/images/test/0071.png,0,background_fp,texture_boundary,0.38646507263183594,0,"176.12,96.66,205.73,143.68","{""bright_ratio"": 0.0, ""grad_ratio"": 0.10069444444444445, ""near_edge"": 0.0, ""white_thresh"": 250.0, ""grad_percentile"": 90.0}"
al3,test,/home/ubuntu/hpproject/yolo/dataset/yolo/datasetm6c/images/test/0112.png,2,pred_dup,texture_boundary,0.31917738914489746,0,"309.94,120.02,341.22,160.47","{""bright_ratio"": 0.0, ""grad_ratio"": 0.10125646711012565, ""near_edge"": 0.0, ""white_thresh"": 250.0, ""grad_percentile"": 90.0}"
al3,test,/home/ubuntu/hpproject/yolo/dataset/yolo/datasetm6c/images/test/0127.png,1,background_fp,highlight,0.47260263562202454,0,"241.41,79.83,316.41,114.52","{""bright_ratio"": 0.059941520467836254, ""grad_ratio"": 0.10014619883040936, ""near_edge"": 0.0, ""white_thresh"": 250.0, ""grad_percentile"": 90.0}"
al3,test,/home/ubuntu/hpproject/yolo/dataset/yolo/datasetm6c/images/test/0127.png,2,background_fp,texture_boundary,0.3244197964668274,0,"319.40,138.51,388.96,211.75","{""bright_ratio"": 0.03262548262548263, ""grad_ratio"": 0.1, ""near_edge"": 0.0, ""white_thresh"": 250.0, ""grad_percentile"": 90.0}"
al3,test,/home/ubuntu/hpproject/yolo/dataset/yolo/datasetm6c/images/test/0127.png,3,background_fp,texture_boundary,0.30672261118888855,0,"240.63,328.85,277.28,373.30","{""bright_ratio"": 0.0, ""grad_ratio"": 0.10011441647597254, ""near_edge"": 0.0, ""white_thresh"": 250.0, ""grad_percentile"": 90.0}"
al3,test,/home/ubuntu/hpproject/yolo/dataset/yolo/datasetm6c/images/test/0139.png,1,pred_dup,texture_boundary,0.6910645365715027,0,"354.32,150.88,403.67,204.55","{""bright_ratio"": 0.005818181818181818, ""grad_ratio"": 0.1, ""near_edge"": 0.0, ""white_thresh"": 250.0, ""grad_percentile"": 90.0}"
al3,test,/home/ubuntu/hpproject/yolo/dataset/yolo/datasetm6c/images/test/0149.png,1,background_fp,texture_boundary,0.48911842703819275,0,"248.38,89.52,280.85,127.84","{""bright_ratio"": 0.03263403263403263, ""grad_ratio"": 0.10023310023310024, ""near_edge"": 0.0, ""white_thresh"": 250.0, ""grad_percentile"": 90.0}"
al3,test,/home/ubuntu/hpproject/yolo/dataset/yolo/datasetm6c/images/test/0193.png,2,background_fp,texture_boundary,0.36460211873054504,0,"96.54,194.68,156.78,242.14","{""bright_ratio"": 0.021746403479424557, ""grad_ratio"": 0.10070257611241218, ""near_edge"": 0.0, ""white_thresh"": 250.0, ""grad_percentile"": 90.0}"
al3,test,/home/ubuntu/hpproject/yolo/dataset/yolo/datasetm6c/images/test/0259.png,1,background_fp,texture_boundary,0.6235353946685791,0,"267.15,276.86,379.50,303.46","{""bright_ratio"": 0.0, ""grad_ratio"": 0.10018963337547408, ""near_edge"": 0.0, ""white_thresh"": 250.0, ""grad_percentile"": 90.0}"
al3,test,/home/ubuntu/hpproject/yolo/dataset/yolo/datasetm6c/images/test/0295.png,0,background_fp,texture_boundary,0.42825546860694885,0,"227.22,198.81,304.51,275.55","{""bright_ratio"": 0.0023011176857330702, ""grad_ratio"": 0.10009861932938856, ""near_edge"": 0.0, ""white_thresh"": 250.0, ""grad_percentile"": 90.0}"
al3,test,/home/ubuntu/hpproject/yolo/dataset/yolo/datasetm6c/images/test/0295.png,1,background_fp,texture_boundary,0.34067976474761963,0,"258.56,201.53,307.02,271.81","{""bright_ratio"": 0.0, ""grad_ratio"": 0.10028169014084506, ""near_edge"": 0.0, ""white_thresh"": 250.0, ""grad_percentile"": 90.0}"
al3,test,/home/ubuntu/hpproject/yolo/dataset/yolo/datasetm6c/images/test/0345.png,0,background_fp,texture_boundary,0.3142165541648865,0,"234.86,95.21,274.26,162.57","{""bright_ratio"": 0.0351506456241033, ""grad_ratio"": 0.10043041606886657, ""near_edge"": 0.0, ""white_thresh"": 250.0, ""grad_percentile"": 90.0}"
al3,test,/home/ubuntu/hpproject/yolo/dataset/yolo/datasetm6c/images/test/0413.png,0,pred_dup,texture_boundary,0.9420972466468811,0,"338.48,237.58,389.94,299.70","{""bright_ratio"": 0.0, ""grad_ratio"": 0.10042735042735043, ""near_edge"": 0.0, ""white_thresh"": 250.0, ""grad_percentile"": 90.0}"
al3,test,/home/ubuntu/hpproject/yolo/dataset/yolo/datasetm6c/images/test/0415.png,0,background_fp,texture_boundary,0.42673689126968384,0,"209.21,214.86,232.13,237.41","{""bright_ratio"": 0.0, ""grad_ratio"": 0.10069444444444445, ""near_edge"": 0.0, ""white_thresh"": 250.0, ""grad_percentile"": 90.0}"
al3,test,/home/ubuntu/hpproject/yolo/dataset/yolo/datasetm6c/images/test/0415.png,1,background_fp,texture_boundary,0.3210389316082001,0,"243.90,95.00,282.39,116.66","{""bright_ratio"": 0.04318181818181818, ""grad_ratio"": 0.1, ""near_edge"": 0.0, ""white_thresh"": 250.0, ""grad_percentile"": 90.0}"
al3,test,/home/ubuntu/hpproject/yolo/dataset/yolo/datasetm6c/images/test/0423.png,3,background_fp,texture_boundary,0.4273971617221832,0,"194.47,294.48,277.72,325.77","{""bright_ratio"": 0.0, ""grad_ratio"": 0.10007440476190477, ""near_edge"": 0.0, ""white_thresh"": 250.0, ""grad_percentile"": 90.0}"
al3,test,/home/ubuntu/hpproject/yolo/dataset/yolo/datasetm6c/images/test/0423.png,5,background_fp,texture_boundary,0.31643590331077576,0,"172.49,320.95,225.10,372.52","{""bright_ratio"": 0.0, ""grad_ratio"": 0.10027952480782669, ""near_edge"": 0.0, ""white_thresh"": 250.0, ""grad_percentile"": 90.0}"
al2,val,/home/ubuntu/hpproject/yolo/dataset/yolo/datasetm6c/images/val/0030.png,0,pred_dup,highlight,0.7061137557029724,0,"270.20,182.74,374.63,278.06","{""bright_ratio"": 0.09062346588119784, ""grad_ratio"": 0.10004909180166913, ""near_edge"": 0.0, ""white_thresh"": 250.0, ""grad_percentile"": 90.0}"
al2,val,/home/ubuntu/hpproject/yolo/dataset/yolo/datasetm6c/images/val/0051.png,0,pred_dup,texture_boundary,0.3705185055732727,0,"149.75,137.40,178.47,176.51","{""bright_ratio"": 0.0, ""grad_ratio"": 0.1, ""near_edge"": 0.0, ""white_thresh"": 250.0, ""grad_percentile"": 90.0}"
al2,val,/home/ubuntu/hpproject/yolo/dataset/yolo/datasetm6c/images/val/0061.png,1,background_fp,texture_boundary,0.4509370028972626,0,"349.38,266.45,379.28,291.21","{""bright_ratio"": 0.0, ""grad_ratio"": 0.10049627791563276, ""near_edge"": 0.0, ""white_thresh"": 250.0, ""grad_percentile"": 90.0}"
al2,val,/home/ubuntu/hpproject/yolo/dataset/yolo/datasetm6c/images/val/0069.png,0,background_fp,texture_boundary,0.3884432017803192,0,"170.39,281.67,291.21,337.22","{""bright_ratio"": 0.0, ""grad_ratio"": 0.1000862812769629, ""near_edge"": 0.0, ""white_thresh"": 250.0, ""grad_percentile"": 90.0}"
al2,val,/home/ubuntu/hpproject/yolo/dataset/yolo/datasetm6c/images/val/0131.png,1,pred_dup,texture_boundary,0.34222185611724854,0,"316.48,173.14,397.72,267.90","{""bright_ratio"": 0.0, ""grad_ratio"": 0.10025673940949936, ""near_edge"": 0.0, ""white_thresh"": 250.0, ""grad_percentile"": 90.0}"
al2,val,/home/ubuntu/hpproject/yolo/dataset/yolo/datasetm6c/images/val/0177.png,1,pred_dup,highlight,0.6408610939979553,0,"102.93,83.15,283.95,231.54","{""bright_ratio"": 0.28114167711483146, ""grad_ratio"": 0.10022863042997271, ""near_edge"": 0.0, ""white_thresh"": 250.0, ""grad_percentile"": 90.0}"
al2,val,/home/ubuntu/hpproject/yolo/dataset/yolo/datasetm6c/images/val/0351.png,2,background_fp,texture_boundary,0.32878151535987854,0,"82.58,251.51,104.98,289.60","{""bright_ratio"": 0.0, ""grad_ratio"": 0.10144927536231885, ""near_edge"": 0.0, ""white_thresh"": 250.0, ""grad_percentile"": 90.0}"
al2,val,/home/ubuntu/hpproject/yolo/dataset/yolo/datasetm6c/images/val/0371.png,0,background_fp,texture_boundary,0.7438542246818542,0,"246.59,409.90,272.34,428.90","{""bright_ratio"": 0.0, ""grad_ratio"": 0.1, ""near_edge"": 0.0, ""white_thresh"": 250.0, ""grad_percentile"": 90.0}"
al2,val,/home/ubuntu/hpproject/yolo/dataset/yolo/datasetm6c/images/val/0376.png,0,pred_dup,texture_boundary,0.46465757489204407,0,"293.86,158.29,331.31,196.04","{""bright_ratio"": 0.0, ""grad_ratio"": 0.10059171597633136, ""near_edge"": 0.0, ""white_thresh"": 250.0, ""grad_percentile"": 90.0}"
al2,val,/home/ubuntu/hpproject/yolo/dataset/yolo/datasetm6c/images/val/0428.png,0,background_fp,texture_boundary,0.3971903622150421,0,"346.73,374.05,361.18,393.63","{""bright_ratio"": 0.028125, ""grad_ratio"": 0.1, ""near_edge"": 0.0, ""white_thresh"": 250.0, ""grad_percentile"": 90.0}"
al2,test,/home/ubuntu/hpproject/yolo/dataset/yolo/datasetm6c/images/test/0049.png,1,background_fp,texture_boundary,0.3484482765197754,0,"161.40,101.34,207.06,133.34","{""bright_ratio"": 0.0, ""grad_ratio"": 0.10058027079303675, ""near_edge"": 0.0, ""white_thresh"": 250.0, ""grad_percentile"": 90.0}"
al2,test,/home/ubuntu/hpproject/yolo/dataset/yolo/datasetm6c/images/test/0071.png,0,background_fp,texture_boundary,0.5548349022865295,0,"129.93,381.50,191.59,425.36","{""bright_ratio"": 0.0, ""grad_ratio"": 0.1001763668430335, ""near_edge"": 0.0, ""white_thresh"": 250.0, ""grad_percentile"": 90.0}"
al2,test,/home/ubuntu/hpproject/yolo/dataset/yolo/datasetm6c/images/test/0071.png,1,background_fp,texture_boundary,0.31203600764274597,0,"178.68,101.27,216.69,144.47","{""bright_ratio"": 0.0, ""grad_ratio"": 0.10081585081585082, ""near_edge"": 0.0, ""white_thresh"": 250.0, ""grad_percentile"": 90.0}"
al2,test,/home/ubuntu/hpproject/yolo/dataset/yolo/datasetm6c/images/test/0139.png,1,pred_dup,texture_boundary,0.37958914041519165,0,"358.69,154.01,404.41,203.18","{""bright_ratio"": 0.003404255319148936, ""grad_ratio"": 0.10042553191489362, ""near_edge"": 0.0, ""white_thresh"": 250.0, ""grad_percentile"": 90.0}"
al2,test,/home/ubuntu/hpproject/yolo/dataset/yolo/datasetm6c/images/test/0258.png,0,background_fp,highlight,0.3107090890407562,0,"223.94,189.98,307.42,238.44","{""bright_ratio"": 0.06235294117647059, ""grad_ratio"": 0.1, ""near_edge"": 0.0, ""white_thresh"": 250.0, ""grad_percentile"": 90.0}"
al2,test,/home/ubuntu/hpproject/yolo/dataset/yolo/datasetm6c/images/test/0413.png,0,pred_dup,texture_boundary,0.48511338233947754,0,"337.99,234.81,387.81,299.40","{""bright_ratio"": 0.0, ""grad_ratio"": 0.10011883541295306, ""near_edge"": 0.0, ""white_thresh"": 250.0, ""grad_percentile"": 90.0}"
al2,test,/home/ubuntu/hpproject/yolo/dataset/yolo/datasetm6c/images/test/0415.png,0,background_fp,texture_boundary,0.3353073000907898,0,"208.52,214.42,232.11,238.10","{""bright_ratio"": 0.0, ""grad_ratio"": 0.1008, ""near_edge"": 0.0, ""white_thresh"": 250.0, ""grad_percentile"": 90.0}"
al2,test,/home/ubuntu/hpproject/yolo/dataset/yolo/datasetm6c/images/test/0423.png,2,background_fp,texture_boundary,0.3497891426086426,0,"171.13,340.96,203.83,370.97","{""bright_ratio"": 0.0, ""grad_ratio"": 0.10166177908113393, ""near_edge"": 0.0, ""white_thresh"": 250.0, ""grad_percentile"": 90.0}"
al1,val,/home/ubuntu/hpproject/yolo/dataset/yolo/datasetm6c/images/val/0061.png,1,pred_dup,texture_boundary,0.4382505416870117,0,"298.16,137.32,337.89,173.05","{""bright_ratio"": 0.0, ""grad_ratio"": 0.1, ""near_edge"": 0.0, ""white_thresh"": 250.0, ""grad_percentile"": 90.0}"
al1,val,/home/ubuntu/hpproject/yolo/dataset/yolo/datasetm6c/images/val/0062.png,1,background_fp,highlight,0.32433152198791504,0,"264.94,98.94,317.31,138.42","{""bright_ratio"": 0.15672990063233966, ""grad_ratio"": 0.1002710027100271, ""near_edge"": 0.0, ""white_thresh"": 250.0, ""grad_percentile"": 90.0}"
al1,val,/home/ubuntu/hpproject/yolo/dataset/yolo/datasetm6c/images/val/0066.png,1,pred_dup,texture_boundary,0.7124548554420471,0,"252.67,120.39,283.83,161.39","{""bright_ratio"": 0.0, ""grad_ratio"": 0.10044642857142858, ""near_edge"": 0.0, ""white_thresh"": 250.0, ""grad_percentile"": 90.0}"
al1,val,/home/ubuntu/hpproject/yolo/dataset/yolo/datasetm6c/images/val/0105.png,1,background_fp,highlight,0.5066428184509277,0,"245.79,97.43,299.40,135.32","{""bright_ratio"": 0.26713286713286716, ""grad_ratio"": 0.10023310023310024, ""near_edge"": 0.0, ""white_thresh"": 250.0, ""grad_percentile"": 90.0}"
al1,val,/home/ubuntu/hpproject/yolo/dataset/yolo/datasetm6c/images/val/0143.png,1,background_fp,highlight,0.7345328330993652,0,"248.58,80.41,294.53,109.73","{""bright_ratio"": 0.3028368794326241, ""grad_ratio"": 0.1, ""near_edge"": 0.0, ""white_thresh"": 250.0, ""grad_percentile"": 90.0}"
al1,val,/home/ubuntu/hpproject/yolo/dataset/yolo/datasetm6c/images/val/0144.png,1,background_fp,highlight,0.7573456168174744,0,"143.16,47.34,210.22,89.41","{""bright_ratio"": 0.1993844049247606, ""grad_ratio"": 0.10020519835841313, ""near_edge"": 0.0, ""white_thresh"": 250.0, ""grad_percentile"": 90.0}"
al1,val,/home/ubuntu/hpproject/yolo/dataset/yolo/datasetm6c/images/val/0324.png,0,background_fp,highlight,0.41117018461227417,0,"276.33,93.56,358.15,138.82","{""bright_ratio"": 0.3148245154531168, ""grad_ratio"": 0.1000523834468308, ""near_edge"": 0.0, ""white_thresh"": 250.0, ""grad_percentile"": 90.0}"
al1,val,/home/ubuntu/hpproject/yolo/dataset/yolo/datasetm6c/images/val/0371.png,1,background_fp,highlight,0.7938546538352966,0,"288.40,417.67,316.03,460.50","{""bright_ratio"": 0.3236677115987461, ""grad_ratio"": 0.10031347962382445, ""near_edge"": 0.0, ""white_thresh"": 250.0, ""grad_percentile"": 90.0}"
al1,val,/home/ubuntu/hpproject/yolo/dataset/yolo/datasetm6c/images/val/0403.png,1,background_fp,texture_boundary,0.6004337668418884,0,"117.57,278.71,145.31,309.97","{""bright_ratio"": 0.0, ""grad_ratio"": 0.10021551724137931, ""near_edge"": 0.0, ""white_thresh"": 250.0, ""grad_percentile"": 90.0}"
al1,val,/home/ubuntu/hpproject/yolo/dataset/yolo/datasetm6c/images/val/0428.png,0,background_fp,highlight,0.4894394278526306,0,"346.67,371.85,363.15,395.12","{""bright_ratio"": 0.09333333333333334, ""grad_ratio"": 0.1, ""near_edge"": 0.0, ""white_thresh"": 250.0, ""grad_percentile"": 90.0}"
al1,test,/home/ubuntu/hpproject/yolo/dataset/yolo/datasetm6c/images/test/0045.png,1,pred_dup,texture_boundary,0.5952675342559814,0,"174.76,122.44,301.69,154.02","{""bright_ratio"": 0.0, ""grad_ratio"": 0.10014204545454546, ""near_edge"": 0.0, ""white_thresh"": 250.0, ""grad_percentile"": 90.0}"
al1,test,/home/ubuntu/hpproject/yolo/dataset/yolo/datasetm6c/images/test/0049.png,0,background_fp,texture_boundary,0.8310139775276184,0,"162.40,97.96,207.76,132.44","{""bright_ratio"": 0.0, ""grad_ratio"": 0.10024154589371981, ""near_edge"": 0.0, ""white_thresh"": 250.0, ""grad_percentile"": 90.0}"
al1,test,/home/ubuntu/hpproject/yolo/dataset/yolo/datasetm6c/images/test/0071.png,0,background_fp,texture_boundary,0.6568730473518372,0,"130.53,382.30,193.23,423.02","{""bright_ratio"": 0.0, ""grad_ratio"": 0.10007440476190477, ""near_edge"": 0.0, ""white_thresh"": 250.0, ""grad_percentile"": 90.0}"
al1,test,/home/ubuntu/hpproject/yolo/dataset/yolo/datasetm6c/images/test/0096.png,0,background_fp,texture_boundary,0.4372926354408264,0,"207.97,142.12,232.84,200.91","{""bright_ratio"": 0.0, ""grad_ratio"": 0.10039113428943937, ""near_edge"": 0.0, ""white_thresh"": 250.0, ""grad_percentile"": 90.0}"
al1,test,/home/ubuntu/hpproject/yolo/dataset/yolo/datasetm6c/images/test/0107.png,1,pred_dup,highlight,0.45960330963134766,0,"167.55,66.03,394.00,225.25","{""bright_ratio"": 0.10778508771929825, ""grad_ratio"": 0.1, ""near_edge"": 0.0, ""white_thresh"": 250.0, ""grad_percentile"": 90.0}"
al1,test,/home/ubuntu/hpproject/yolo/dataset/yolo/datasetm6c/images/test/0127.png,0,background_fp,texture_boundary,0.7009673118591309,0,"256.65,88.37,330.40,115.26","{""bright_ratio"": 0.010952380952380953, ""grad_ratio"": 0.1, ""near_edge"": 0.0, ""white_thresh"": 250.0, ""grad_percentile"": 90.0}"
al1,test,/home/ubuntu/hpproject/yolo/dataset/yolo/datasetm6c/images/test/0139.png,1,pred_dup,texture_boundary,0.4366138279438019,0,"355.80,155.03,398.12,203.83","{""bright_ratio"": 0.0, ""grad_ratio"": 0.10018552875695733, ""near_edge"": 0.0, ""white_thresh"": 250.0, ""grad_percentile"": 90.0}"
al1,test,/home/ubuntu/hpproject/yolo/dataset/yolo/datasetm6c/images/test/0149.png,1,background_fp,texture_boundary,0.43435510993003845,0,"253.43,91.36,278.54,126.38","{""bright_ratio"": 0.011752136752136752, ""grad_ratio"": 0.1014957264957265, ""near_edge"": 0.0, ""white_thresh"": 250.0, ""grad_percentile"": 90.0}"
al1,test,/home/ubuntu/hpproject/yolo/dataset/yolo/datasetm6c/images/test/0171.png,3,background_fp,highlight,0.743545651435852,0,"281.64,83.94,327.03,111.89","{""bright_ratio"": 0.31841526045487895, ""grad_ratio"": 0.10051357300073367, ""near_edge"": 0.0, ""white_thresh"": 250.0, ""grad_percentile"": 90.0}"
al1,test,/home/ubuntu/hpproject/yolo/dataset/yolo/datasetm6c/images/test/0259.png,1,background_fp,texture_boundary,0.7713291645050049,0,"263.57,305.29,386.27,339.36","{""bright_ratio"": 0.0, ""grad_ratio"": 0.1, ""near_edge"": 0.0, ""white_thresh"": 250.0, ""grad_percentile"": 90.0}"
al1,test,/home/ubuntu/hpproject/yolo/dataset/yolo/datasetm6c/images/test/0259.png,2,background_fp,highlight,0.7320727705955505,0,"327.82,113.93,373.18,145.71","{""bright_ratio"": 0.18117343649258544, ""grad_ratio"": 0.10058027079303675, ""near_edge"": 0.0, ""white_thresh"": 250.0, ""grad_percentile"": 90.0}"
al1,test,/home/ubuntu/hpproject/yolo/dataset/yolo/datasetm6c/images/test/0340.png,1,background_fp,texture_boundary,0.7257923483848572,0,"231.36,193.93,255.53,244.80","{""bright_ratio"": 0.0, ""grad_ratio"": 0.1, ""near_edge"": 0.0, ""white_thresh"": 250.0, ""grad_percentile"": 90.0}"
al1,test,/home/ubuntu/hpproject/yolo/dataset/yolo/datasetm6c/images/test/0411.png,1,background_fp,texture_boundary,0.6541357636451721,0,"227.16,383.93,251.95,416.48","{""bright_ratio"": 0.0, ""grad_ratio"": 0.1, ""near_edge"": 0.0, ""white_thresh"": 250.0, ""grad_percentile"": 90.0}"
al1,test,/home/ubuntu/hpproject/yolo/dataset/yolo/datasetm6c/images/test/0413.png,1,pred_dup,texture_boundary,0.8284125328063965,0,"340.92,241.01,387.91,299.21","{""bright_ratio"": 0.0, ""grad_ratio"": 0.10028248587570622, ""near_edge"": 0.0, ""white_thresh"": 250.0, ""grad_percentile"": 90.0}"
al1,test,/home/ubuntu/hpproject/yolo/dataset/yolo/datasetm6c/images/test/0415.png,0,background_fp,texture_boundary,0.37150880694389343,0,"207.70,210.13,233.16,239.07","{""bright_ratio"": 0.0, ""grad_ratio"": 0.1, ""near_edge"": 0.0, ""white_thresh"": 250.0, ""grad_percentile"": 90.0}"
al1,test,/home/ubuntu/hpproject/yolo/dataset/yolo/datasetm6c/images/test/0430.png,1,pred_dup,texture_boundary,0.6161361932754517,0,"193.53,161.18,217.83,184.43","{""bright_ratio"": 0.0, ""grad_ratio"": 0.1, ""near_edge"": 0.0, ""white_thresh"": 250.0, ""grad_percentile"": 90.0}"
al1,test,/home/ubuntu/hpproject/yolo/dataset/yolo/datasetm6c/images/test/0430.png,3,pred_dup,texture_boundary,0.3344464600086212,0,"192.96,162.00,255.47,187.90","{""bright_ratio"": 0.0, ""grad_ratio"": 0.10036057692307693, ""near_edge"": 0.0, ""white_thresh"": 250.0, ""grad_percentile"": 90.0}"
op1,val,/home/ubuntu/hpproject/yolo/dataset/yolo/datasetm6c/images/val/0061.png,0,pred_dup,texture_boundary,0.5036868453025818,0,"302.20,138.68,337.12,169.80","{""bright_ratio"": 0.0, ""grad_ratio"": 0.10069444444444445, ""near_edge"": 0.0, ""white_thresh"": 250.0, ""grad_percentile"": 90.0}"
op1,val,/home/ubuntu/hpproject/yolo/dataset/yolo/datasetm6c/images/val/0061.png,1,background_fp,texture_boundary,0.4532344341278076,0,"302.71,179.94,342.93,214.79","{""bright_ratio"": 0.0, ""grad_ratio"": 0.1002710027100271, ""near_edge"": 0.0, ""white_thresh"": 250.0, ""grad_percentile"": 90.0}"
op1,val,/home/ubuntu/hpproject/yolo/dataset/yolo/datasetm6c/images/val/0094.png,2,background_fp,texture_boundary,0.30425986647605896,0,"325.86,180.80,408.83,276.11","{""bright_ratio"": 0.009450171821305841, ""grad_ratio"": 0.10063819342169858, ""near_edge"": 0.0, ""white_thresh"": 250.0, ""grad_percentile"": 90.0}"
op1,val,/home/ubuntu/hpproject/yolo/dataset/yolo/datasetm6c/images/val/0103.png,0,background_fp,texture_boundary,0.733832597732544,0,"196.25,232.96,296.36,275.74","{""bright_ratio"": 0.0, ""grad_ratio"": 0.10058505850585059, ""near_edge"": 0.0, ""white_thresh"": 250.0, ""grad_percentile"": 90.0}"
op1,val,/home/ubuntu/hpproject/yolo/dataset/yolo/datasetm6c/images/val/0124.png,1,background_fp,highlight,0.31297925114631653,0,"341.07,80.04,388.18,114.38","{""bright_ratio"": 0.21428571428571427, ""grad_ratio"": 0.1, ""near_edge"": 0.0, ""white_thresh"": 250.0, ""grad_percentile"": 90.0}"
op1,val,/home/ubuntu/hpproject/yolo/dataset/yolo/datasetm6c/images/val/0131.png,0,pred_dup,highlight,0.8715395927429199,0,"180.82,91.26,385.91,245.43","{""bright_ratio"": 0.1162229877857814, ""grad_ratio"": 0.10003131850923896, ""near_edge"": 0.0, ""white_thresh"": 250.0, ""grad_percentile"": 90.0}"
op1,val,/home/ubuntu/hpproject/yolo/dataset/yolo/datasetm6c/images/val/0142.png,0,pred_dup,highlight,0.6437926292419434,0,"204.82,121.52,369.70,176.80","{""bright_ratio"": 0.14909638554216867, ""grad_ratio"": 0.10004302925989673, ""near_edge"": 0.0, ""white_thresh"": 250.0, ""grad_percentile"": 90.0}"
op1,val,/home/ubuntu/hpproject/yolo/dataset/yolo/datasetm6c/images/val/0144.png,1,background_fp,highlight,0.47844627499580383,0,"137.00,48.86,226.91,101.56","{""bright_ratio"": 0.1639917695473251, ""grad_ratio"": 0.1, ""near_edge"": 0.0, ""white_thresh"": 250.0, ""grad_percentile"": 90.0}"
op1,val,/home/ubuntu/hpproject/yolo/dataset/yolo/datasetm6c/images/val/0274.png,0,background_fp,highlight,0.4347357153892517,0,"183.61,142.10,217.94,187.71","{""bright_ratio"": 0.42857142857142855, ""grad_ratio"": 0.1, ""near_edge"": 0.0, ""white_thresh"": 250.0, ""grad_percentile"": 90.0}"
op1,val,/home/ubuntu/hpproject/yolo/dataset/yolo/datasetm6c/images/val/0351.png,0,pred_dup,texture_boundary,0.6656948328018188,0,"210.45,115.58,306.93,176.58","{""bright_ratio"": 0.004156967076820751, ""grad_ratio"": 0.1000997672098437, ""near_edge"": 0.0, ""white_thresh"": 250.0, ""grad_percentile"": 90.0}"
op1,val,/home/ubuntu/hpproject/yolo/dataset/yolo/datasetm6c/images/val/0363.png,0,pred_dup,texture_boundary,0.7523996233940125,0,"294.92,152.17,334.70,204.94","{""bright_ratio"": 0.0, ""grad_ratio"": 0.10032213529682467, ""near_edge"": 0.0, ""white_thresh"": 250.0, ""grad_percentile"": 90.0}"
op1,val,/home/ubuntu/hpproject/yolo/dataset/yolo/datasetm6c/images/val/0371.png,1,background_fp,texture_boundary,0.3201564848423004,0,"244.30,410.73,271.78,428.27","{""bright_ratio"": 0.0, ""grad_ratio"": 0.10150375939849623, ""near_edge"": 0.0, ""white_thresh"": 250.0, ""grad_percentile"": 90.0}"
op1,val,/home/ubuntu/hpproject/yolo/dataset/yolo/datasetm6c/images/val/0371.png,2,background_fp,highlight,0.3039698600769043,0,"289.42,425.97,313.97,460.78","{""bright_ratio"": 0.3488888888888889, ""grad_ratio"": 0.1, ""near_edge"": 0.0, ""white_thresh"": 250.0, ""grad_percentile"": 90.0}"
op1,val,/home/ubuntu/hpproject/yolo/dataset/yolo/datasetm6c/images/val/0376.png,1,pred_dup,texture_boundary,0.5682887434959412,0,"295.41,138.38,331.43,193.07","{""bright_ratio"": 0.0, ""grad_ratio"": 0.10038610038610038, ""near_edge"": 0.0, ""white_thresh"": 250.0, ""grad_percentile"": 90.0}"
op1,val,/home/ubuntu/hpproject/yolo/dataset/yolo/datasetm6c/images/val/0447.png,0,background_fp,texture_boundary,0.4291726052761078,0,"136.44,135.66,179.52,181.89","{""bright_ratio"": 0.018858800773694392, ""grad_ratio"": 0.10009671179883946, ""near_edge"": 0.0, ""white_thresh"": 250.0, ""grad_percentile"": 90.0}"
op1,test,/home/ubuntu/hpproject/yolo/dataset/yolo/datasetm6c/images/test/0031.png,1,pred_dup,highlight,0.5062925815582275,0,"74.62,109.65,285.11,295.02","{""bright_ratio"": 0.07854908687317122, ""grad_ratio"": 0.10009080819291696, ""near_edge"": 0.0, ""white_thresh"": 250.0, ""grad_percentile"": 90.0}"
op1,test,/home/ubuntu/hpproject/yolo/dataset/yolo/datasetm6c/images/test/0049.png,1,background_fp,texture_boundary,0.31789612770080566,0,"174.43,103.08,206.83,130.92","{""bright_ratio"": 0.0, ""grad_ratio"": 0.10173160173160173, ""near_edge"": 0.0, ""white_thresh"": 250.0, ""grad_percentile"": 90.0}"
op1,test,/home/ubuntu/hpproject/yolo/dataset/yolo/datasetm6c/images/test/0071.png,0,background_fp,texture_boundary,0.528045117855072,0,"131.54,380.14,199.86,429.25","{""bright_ratio"": 0.002028985507246377, ""grad_ratio"": 0.1, ""near_edge"": 0.0, ""white_thresh"": 250.0, ""grad_percentile"": 90.0}"
op1,test,/home/ubuntu/hpproject/yolo/dataset/yolo/datasetm6c/images/test/0071.png,1,background_fp,texture_boundary,0.5051376223564148,0,"181.54,93.31,218.07,143.83","{""bright_ratio"": 0.0, ""grad_ratio"": 0.1001031991744066, ""near_edge"": 0.0, ""white_thresh"": 250.0, ""grad_percentile"": 90.0}"
op1,test,/home/ubuntu/hpproject/yolo/dataset/yolo/datasetm6c/images/test/0127.png,1,background_fp,texture_boundary,0.4059222936630249,0,"321.21,134.87,386.52,208.37","{""bright_ratio"": 0.03333333333333333, ""grad_ratio"": 0.10020202020202021, ""near_edge"": 0.0, ""white_thresh"": 250.0, ""grad_percentile"": 90.0}"
op1,test,/home/ubuntu/hpproject/yolo/dataset/yolo/datasetm6c/images/test/0127.png,3,background_fp,texture_boundary,0.3077355623245239,0,"239.93,327.79,279.65,365.28","{""bright_ratio"": 0.0, ""grad_ratio"": 0.10006253908692933, ""near_edge"": 0.0, ""white_thresh"": 250.0, ""grad_percentile"": 90.0}"
op1,test,/home/ubuntu/hpproject/yolo/dataset/yolo/datasetm6c/images/test/0139.png,1,pred_dup,texture_boundary,0.759823203086853,0,"355.68,156.50,400.22,195.60","{""bright_ratio"": 0.0, ""grad_ratio"": 0.1, ""near_edge"": 0.0, ""white_thresh"": 250.0, ""grad_percentile"": 90.0}"
op1,test,/home/ubuntu/hpproject/yolo/dataset/yolo/datasetm6c/images/test/0140.png,1,pred_dup,highlight,0.40670010447502136,0,"199.34,83.10,277.27,155.77","{""bright_ratio"": 0.11964626322177908, ""grad_ratio"": 0.10005202011444425, ""near_edge"": 0.0, ""white_thresh"": 250.0, ""grad_percentile"": 90.0}"
op1,test,/home/ubuntu/hpproject/yolo/dataset/yolo/datasetm6c/images/test/0171.png,1,pred_dup,texture_boundary,0.8639043569564819,0,"210.58,155.29,301.57,195.64","{""bright_ratio"": 0.0, ""grad_ratio"": 0.10021208907741251, ""near_edge"": 0.0, ""white_thresh"": 250.0, ""grad_percentile"": 90.0}"
op1,test,/home/ubuntu/hpproject/yolo/dataset/yolo/datasetm6c/images/test/0173.png,1,background_fp,texture_boundary,0.43136146664619446,0,"289.70,241.60,307.87,264.19","{""bright_ratio"": 0.0, ""grad_ratio"": 0.10087719298245613, ""near_edge"": 0.0, ""white_thresh"": 250.0, ""grad_percentile"": 90.0}"
op1,test,/home/ubuntu/hpproject/yolo/dataset/yolo/datasetm6c/images/test/0175.png,1,pred_dup,texture_boundary,0.3556970953941345,0,"242.17,163.22,399.87,257.86","{""bright_ratio"": 0.0, ""grad_ratio"": 0.10019986675549633, ""near_edge"": 0.0, ""white_thresh"": 250.0, ""grad_percentile"": 90.0}"
op1,test,/home/ubuntu/hpproject/yolo/dataset/yolo/datasetm6c/images/test/0258.png,1,background_fp,highlight,0.31413742899894714,0,"221.99,190.05,302.99,234.43","{""bright_ratio"": 0.061788617886178863, ""grad_ratio"": 0.1002710027100271, ""near_edge"": 0.0, ""white_thresh"": 250.0, ""grad_percentile"": 90.0}"
op1,test,/home/ubuntu/hpproject/yolo/dataset/yolo/datasetm6c/images/test/0259.png,1,background_fp,texture_boundary,0.3276693522930145,0,"262.11,309.15,391.00,339.25","{""bright_ratio"": 0.0, ""grad_ratio"": 0.1, ""near_edge"": 0.0, ""white_thresh"": 250.0, ""grad_percentile"": 90.0}"
op1,test,/home/ubuntu/hpproject/yolo/dataset/yolo/datasetm6c/images/test/0295.png,0,background_fp,texture_boundary,0.7957444787025452,0,"232.05,203.69,304.85,273.69","{""bright_ratio"": 0.0, ""grad_ratio"": 0.10032799536947713, ""near_edge"": 0.0, ""white_thresh"": 250.0, ""grad_percentile"": 90.0}"
op1,test,/home/ubuntu/hpproject/yolo/dataset/yolo/datasetm6c/images/test/0295.png,1,background_fp,texture_boundary,0.3721405565738678,0,"303.62,286.80,399.97,366.20","{""bright_ratio"": 0.00012727504136438844, ""grad_ratio"": 0.1001654575537737, ""near_edge"": 0.0, ""white_thresh"": 250.0, ""grad_percentile"": 90.0}"
op1,test,/home/ubuntu/hpproject/yolo/dataset/yolo/datasetm6c/images/test/0340.png,0,background_fp,texture_boundary,0.6612741351127625,0,"221.65,176.04,256.83,243.79","{""bright_ratio"": 0.0, ""grad_ratio"": 0.10008169934640523, ""near_edge"": 0.0, ""white_thresh"": 250.0, ""grad_percentile"": 90.0}"
op1,test,/home/ubuntu/hpproject/yolo/dataset/yolo/datasetm6c/images/test/0344.png,0,pred_dup,texture_boundary,0.5555283427238464,0,"315.85,132.14,361.63,172.63","{""bright_ratio"": 0.0, ""grad_ratio"": 0.10015568240788791, ""near_edge"": 0.0, ""white_thresh"": 250.0, ""grad_percentile"": 90.0}"
op1,test,/home/ubuntu/hpproject/yolo/dataset/yolo/datasetm6c/images/test/0357.png,0,background_fp,texture_boundary,0.4158778190612793,0,"159.75,291.27,180.69,311.72","{""bright_ratio"": 0.0, ""grad_ratio"": 0.10173160173160173, ""near_edge"": 0.0, ""white_thresh"": 250.0, ""grad_percentile"": 90.0}"
op1,test,/home/ubuntu/hpproject/yolo/dataset/yolo/datasetm6c/images/test/0413.png,1,pred_dup,texture_boundary,0.6329357028007507,0,"341.21,240.20,390.80,298.07","{""bright_ratio"": 0.0, ""grad_ratio"": 0.1, ""near_edge"": 0.0, ""white_thresh"": 250.0, ""grad_percentile"": 90.0}"
op1,test,/home/ubuntu/hpproject/yolo/dataset/yolo/datasetm6c/images/test/0415.png,0,background_fp,texture_boundary,0.4436211585998535,0,"245.32,97.64,284.35,114.82","{""bright_ratio"": 0.009722222222222222, ""grad_ratio"": 0.1, ""near_edge"": 0.0, ""white_thresh"": 250.0, ""grad_percentile"": 90.0}"
op1,test,/home/ubuntu/hpproject/yolo/dataset/yolo/datasetm6c/images/test/0415.png,1,background_fp,texture_boundary,0.4203369915485382,0,"208.03,214.83,233.18,238.81","{""bright_ratio"": 0.0, ""grad_ratio"": 0.1, ""near_edge"": 0.0, ""white_thresh"": 250.0, ""grad_percentile"": 90.0}"
op1,test,/home/ubuntu/hpproject/yolo/dataset/yolo/datasetm6c/images/test/0419.png,0,background_fp,texture_boundary,0.5189447402954102,0,"175.76,230.63,299.56,270.82","{""bright_ratio"": 0.0005853658536585366, ""grad_ratio"": 0.10048780487804879, ""near_edge"": 0.0, ""white_thresh"": 250.0, ""grad_percentile"": 90.0}"
op2,val,/home/ubuntu/hpproject/yolo/dataset/yolo/datasetm6c/images/val/0023.png,0,pred_dup,texture_boundary,0.49892568588256836,0,"101.07,126.60,176.29,181.61","{""bright_ratio"": 0.004934210526315789, ""grad_ratio"": 0.10009398496240601, ""near_edge"": 0.0, ""white_thresh"": 250.0, ""grad_percentile"": 90.0}"
op2,val,/home/ubuntu/hpproject/yolo/dataset/yolo/datasetm6c/images/val/0030.png,0,pred_dup,highlight,0.44657188653945923,0,"281.63,179.24,375.82,278.98","{""bright_ratio"": 0.11589473684210526, ""grad_ratio"": 0.1, ""near_edge"": 0.0, ""white_thresh"": 250.0, ""grad_percentile"": 90.0}"
op2,val,/home/ubuntu/hpproject/yolo/dataset/yolo/datasetm6c/images/val/0068.png,1,pred_dup,highlight,0.3467085659503937,0,"112.99,296.10,223.12,341.05","{""bright_ratio"": 0.27096273291925466, ""grad_ratio"": 0.10015527950310558, ""near_edge"": 0.0, ""white_thresh"": 250.0, ""grad_percentile"": 90.0}"
op2,val,/home/ubuntu/hpproject/yolo/dataset/yolo/datasetm6c/images/val/0094.png,1,background_fp,highlight,0.37078189849853516,0,"322.87,170.52,387.67,267.41","{""bright_ratio"": 0.0686456400742115, ""grad_ratio"": 0.10049474335188621, ""near_edge"": 0.0, ""white_thresh"": 250.0, ""grad_percentile"": 90.0}"
op2,val,/home/ubuntu/hpproject/yolo/dataset/yolo/datasetm6c/images/val/0136.png,1,pred_dup,highlight,0.357014924287796,0,"260.48,73.72,362.36,149.76","{""bright_ratio"": 0.10692220400958265, ""grad_ratio"": 0.10023956625898374, ""near_edge"": 0.0, ""white_thresh"": 250.0, ""grad_percentile"": 90.0}"
op2,val,/home/ubuntu/hpproject/yolo/dataset/yolo/datasetm6c/images/val/0144.png,0,pred_dup,highlight,0.5304896235466003,0,"85.00,240.85,190.71,329.02","{""bright_ratio"": 0.3941848390446521, ""grad_ratio"": 0.1, ""near_edge"": 0.0, ""white_thresh"": 250.0, ""grad_percentile"": 90.0}"
op2,val,/home/ubuntu/hpproject/yolo/dataset/yolo/datasetm6c/images/val/0160.png,0,background_fp,texture_boundary,0.32919371128082275,0,"221.87,155.94,291.10,257.61","{""bright_ratio"": 0.0015041706549979489, ""grad_ratio"": 0.1000957199507726, ""near_edge"": 0.0, ""white_thresh"": 250.0, ""grad_percentile"": 90.0}"
op2,val,/home/ubuntu/hpproject/yolo/dataset/yolo/datasetm6c/images/val/0172.png,0,background_fp,highlight,0.4122190773487091,0,"196.00,138.33,260.66,287.65","{""bright_ratio"": 0.060505050505050506, ""grad_ratio"": 0.10020202020202021, ""near_edge"": 0.0, ""white_thresh"": 250.0, ""grad_percentile"": 90.0}"
op2,val,/home/ubuntu/hpproject/yolo/dataset/yolo/datasetm6c/images/val/0179.png,1,background_fp,texture_boundary,0.39517727494239807,0,"351.67,390.30,397.47,442.22","{""bright_ratio"": 0.0, ""grad_ratio"": 0.10036130068245684, ""near_edge"": 0.0, ""white_thresh"": 250.0, ""grad_percentile"": 90.0}"
op2,val,/home/ubuntu/hpproject/yolo/dataset/yolo/datasetm6c/images/val/0179.png,2,background_fp,texture_boundary,0.3856514096260071,0,"351.40,337.30,385.32,361.97","{""bright_ratio"": 0.0, ""grad_ratio"": 0.10057142857142858, ""near_edge"": 0.0, ""white_thresh"": 250.0, ""grad_percentile"": 90.0}"
op2,val,/home/ubuntu/hpproject/yolo/dataset/yolo/datasetm6c/images/val/0234.png,0,background_fp,highlight,0.3961228132247925,0,"162.50,136.32,207.10,172.53","{""bright_ratio"": 0.18507638072855465, ""grad_ratio"": 0.10047003525264395, ""near_edge"": 0.0, ""white_thresh"": 250.0, ""grad_percentile"": 90.0}"
op2,val,/home/ubuntu/hpproject/yolo/dataset/yolo/datasetm6c/images/val/0289.png,0,background_fp,highlight,0.4027455449104309,0,"160.54,115.44,227.34,180.65","{""bright_ratio"": 0.2905525846702317, ""grad_ratio"": 0.1000445632798574, ""near_edge"": 0.0, ""white_thresh"": 250.0, ""grad_percentile"": 90.0}"
op2,val,/home/ubuntu/hpproject/yolo/dataset/yolo/datasetm6c/images/val/0363.png,0,background_fp,texture_boundary,0.3726845681667328,0,"97.04,229.96,125.02,262.40","{""bright_ratio"": 0.0, ""grad_ratio"": 0.10040567951318459, ""near_edge"": 0.0, ""white_thresh"": 250.0, ""grad_percentile"": 90.0}"
op2,val,/home/ubuntu/hpproject/yolo/dataset/yolo/datasetm6c/images/val/0363.png,2,pred_dup,texture_boundary,0.30947911739349365,0,"294.20,150.17,333.58,202.19","{""bright_ratio"": 0.0, ""grad_ratio"": 0.1, ""near_edge"": 0.0, ""white_thresh"": 250.0, ""grad_percentile"": 90.0}"
op2,val,/home/ubuntu/hpproject/yolo/dataset/yolo/datasetm6c/images/val/0371.png,1,background_fp,texture_boundary,0.3364968001842499,0,"244.02,408.56,273.05,430.32","{""bright_ratio"": 0.0, ""grad_ratio"": 0.1, ""near_edge"": 0.0, ""white_thresh"": 250.0, ""grad_percentile"": 90.0}"
op2,val,/home/ubuntu/hpproject/yolo/dataset/yolo/datasetm6c/images/val/0447.png,0,background_fp,texture_boundary,0.31635770201683044,0,"135.63,133.26,177.97,175.90","{""bright_ratio"": 0.04002163331530557, ""grad_ratio"": 0.10059491617090319, ""near_edge"": 0.0, ""white_thresh"": 250.0, ""grad_percentile"": 90.0}"
op2,test,/home/ubuntu/hpproject/yolo/dataset/yolo/datasetm6c/images/test/0112.png,2,background_fp,texture_boundary,0.3034549653530121,0,"195.38,170.60,256.52,294.34","{""bright_ratio"": 0.0021935483870967744, ""grad_ratio"": 0.10025806451612904, ""near_edge"": 0.0, ""white_thresh"": 250.0, ""grad_percentile"": 90.0}"
op2,test,/home/ubuntu/hpproject/yolo/dataset/yolo/datasetm6c/images/test/0127.png,2,background_fp,texture_boundary,0.3274509012699127,0,"243.75,326.44,284.01,363.08","{""bright_ratio"": 0.0, ""grad_ratio"": 0.10025062656641603, ""near_edge"": 0.0, ""white_thresh"": 250.0, ""grad_percentile"": 90.0}"
op2,test,/home/ubuntu/hpproject/yolo/dataset/yolo/datasetm6c/images/test/0139.png,1,pred_dup,texture_boundary,0.5271621942520142,0,"359.08,155.82,390.29,196.01","{""bright_ratio"": 0.0, ""grad_ratio"": 0.10044642857142858, ""near_edge"": 0.0, ""white_thresh"": 250.0, ""grad_percentile"": 90.0}"
op2,test,/home/ubuntu/hpproject/yolo/dataset/yolo/datasetm6c/images/test/0139.png,2,pred_dup,texture_boundary,0.3263660669326782,0,"244.39,189.67,340.63,226.16","{""bright_ratio"": 0.0, ""grad_ratio"": 0.10010851871947911, ""near_edge"": 0.0, ""white_thresh"": 250.0, ""grad_percentile"": 90.0}"
op2,test,/home/ubuntu/hpproject/yolo/dataset/yolo/datasetm6c/images/test/0149.png,0,background_fp,highlight,0.4327280521392822,0,"216.84,81.95,295.91,123.06","{""bright_ratio"": 0.18575581395348836, ""grad_ratio"": 0.1, ""near_edge"": 0.0, ""white_thresh"": 250.0, ""grad_percentile"": 90.0}"
op2,test,/home/ubuntu/hpproject/yolo/dataset/yolo/datasetm6c/images/test/0258.png,1,background_fp,highlight,0.4765929579734802,0,"221.59,188.75,328.56,235.50","{""bright_ratio"": 0.09066358024691358, ""grad_ratio"": 0.10030864197530864, ""near_edge"": 0.0, ""white_thresh"": 250.0, ""grad_percentile"": 90.0}"
op2,test,/home/ubuntu/hpproject/yolo/dataset/yolo/datasetm6c/images/test/0259.png,2,background_fp,texture_boundary,0.35752493143081665,0,"264.51,302.97,388.46,336.76","{""bright_ratio"": 0.0, ""grad_ratio"": 0.10034285714285714, ""near_edge"": 0.0, ""white_thresh"": 250.0, ""grad_percentile"": 90.0}"
op2,test,/home/ubuntu/hpproject/yolo/dataset/yolo/datasetm6c/images/test/0278.png,0,background_fp,highlight,0.5265753269195557,0,"201.17,135.88,360.10,206.43","{""bright_ratio"": 0.06788194444444444, ""grad_ratio"": 0.10060763888888889, ""near_edge"": 0.0, ""white_thresh"": 250.0, ""grad_percentile"": 90.0}"
op2,test,/home/ubuntu/hpproject/yolo/dataset/yolo/datasetm6c/images/test/0295.png,0,background_fp,texture_boundary,0.4106046259403229,0,"232.24,200.84,302.99,272.61","{""bright_ratio"": 0.0, ""grad_ratio"": 0.10032799536947713, ""near_edge"": 0.0, ""white_thresh"": 250.0, ""grad_percentile"": 90.0}"
op2,test,/home/ubuntu/hpproject/yolo/dataset/yolo/datasetm6c/images/test/0413.png,0,pred_dup,texture_boundary,0.6700297594070435,0,"340.70,235.20,392.40,299.10","{""bright_ratio"": 0.0, ""grad_ratio"": 0.10043541364296081, ""near_edge"": 0.0, ""white_thresh"": 250.0, ""grad_percentile"": 90.0}"
op2,test,/home/ubuntu/hpproject/yolo/dataset/yolo/datasetm6c/images/test/0415.png,0,background_fp,texture_boundary,0.7949995398521423,0,"207.52,214.87,230.91,239.82","{""bright_ratio"": 0.0, ""grad_ratio"": 0.10096153846153846, ""near_edge"": 0.0, ""white_thresh"": 250.0, ""grad_percentile"": 90.0}"
op2,test,/home/ubuntu/hpproject/yolo/dataset/yolo/datasetm6c/images/test/0423.png,1,background_fp,texture_boundary,0.4167459011077881,0,"176.04,322.36,226.98,371.15","{""bright_ratio"": 0.0, ""grad_ratio"": 0.1, ""near_edge"": 0.0, ""white_thresh"": 250.0, ""grad_percentile"": 90.0}"
op3,val,/home/ubuntu/hpproject/yolo/dataset/yolo/datasetm6c/images/val/0020.png,0,background_fp,texture_boundary,0.3289322257041931,0,"203.16,125.44,259.12,159.63","{""bright_ratio"": 0.0, ""grad_ratio"": 0.10025062656641603, ""near_edge"": 0.0, ""white_thresh"": 250.0, ""grad_percentile"": 90.0}"
op3,val,/home/ubuntu/hpproject/yolo/dataset/yolo/datasetm6c/images/val/0061.png,1,pred_dup,texture_boundary,0.6777196526527405,0,"299.53,139.37,342.19,170.60","{""bright_ratio"": 0.0, ""grad_ratio"": 0.10014204545454546, ""near_edge"": 0.0, ""white_thresh"": 250.0, ""grad_percentile"": 90.0}"
op3,val,/home/ubuntu/hpproject/yolo/dataset/yolo/datasetm6c/images/val/0103.png,0,background_fp,texture_boundary,0.44285812973976135,0,"197.96,234.55,293.50,273.52","{""bright_ratio"": 0.0, ""grad_ratio"": 0.1, ""near_edge"": 0.0, ""white_thresh"": 250.0, ""grad_percentile"": 90.0}"
op3,val,/home/ubuntu/hpproject/yolo/dataset/yolo/datasetm6c/images/val/0124.png,1,background_fp,highlight,0.38220179080963135,0,"337.36,80.67,380.24,121.45","{""bright_ratio"": 0.2050865800865801, ""grad_ratio"": 0.1001082251082251, ""near_edge"": 0.0, ""white_thresh"": 250.0, ""grad_percentile"": 90.0}"
op3,val,/home/ubuntu/hpproject/yolo/dataset/yolo/datasetm6c/images/val/0142.png,1,pred_dup,highlight,0.39871343970298767,0,"199.29,120.18,369.67,209.41","{""bright_ratio"": 0.11241065627030539, ""grad_ratio"": 0.1, ""near_edge"": 0.0, ""white_thresh"": 250.0, ""grad_percentile"": 90.0}"
op3,val,/home/ubuntu/hpproject/yolo/dataset/yolo/datasetm6c/images/val/0160.png,0,background_fp,texture_boundary,0.5282811522483826,0,"223.29,160.46,279.94,252.83","{""bright_ratio"": 0.0, ""grad_ratio"": 0.100169779286927, ""near_edge"": 0.0, ""white_thresh"": 250.0, ""grad_percentile"": 90.0}"
op3,val,/home/ubuntu/hpproject/yolo/dataset/yolo/datasetm6c/images/val/0246.png,0,background_fp,texture_boundary,0.341999351978302,0,"216.98,198.29,282.22,242.37","{""bright_ratio"": 0.0, ""grad_ratio"": 0.10016583747927031, ""near_edge"": 0.0, ""white_thresh"": 250.0, ""grad_percentile"": 90.0}"
op3,val,/home/ubuntu/hpproject/yolo/dataset/yolo/datasetm6c/images/val/0289.png,0,background_fp,highlight,0.39069491624832153,0,"158.41,117.61,217.02,179.79","{""bright_ratio"": 0.34074074074074073, ""grad_ratio"": 0.1, ""near_edge"": 0.0, ""white_thresh"": 250.0, ""grad_percentile"": 90.0}"
op3,val,/home/ubuntu/hpproject/yolo/dataset/yolo/datasetm6c/images/val/0351.png,0,background_fp,highlight,0.43083688616752625,0,"389.46,260.85,407.99,288.95","{""bright_ratio"": 0.16696914700544466, ""grad_ratio"": 0.10163339382940109, ""near_edge"": 0.0, ""white_thresh"": 250.0, ""grad_percentile"": 90.0}"
op3,val,/home/ubuntu/hpproject/yolo/dataset/yolo/datasetm6c/images/val/0354.png,2,pred_dup,texture_boundary,0.3266266882419586,0,"229.53,203.58,258.58,228.13","{""bright_ratio"": 0.0, ""grad_ratio"": 0.1, ""near_edge"": 0.0, ""white_thresh"": 250.0, ""grad_percentile"": 90.0}"
op3,val,/home/ubuntu/hpproject/yolo/dataset/yolo/datasetm6c/images/val/0363.png,1,background_fp,texture_boundary,0.324285626411438,0,"97.69,230.88,124.27,263.32","{""bright_ratio"": 0.0, ""grad_ratio"": 0.10084033613445378, ""near_edge"": 0.0, ""white_thresh"": 250.0, ""grad_percentile"": 90.0}"
op3,val,/home/ubuntu/hpproject/yolo/dataset/yolo/datasetm6c/images/val/0371.png,2,background_fp,texture_boundary,0.6119607090950012,0,"244.03,409.56,271.32,429.28","{""bright_ratio"": 0.0, ""grad_ratio"": 0.10034013605442177, ""near_edge"": 0.0, ""white_thresh"": 250.0, ""grad_percentile"": 90.0}"
op3,val,/home/ubuntu/hpproject/yolo/dataset/yolo/datasetm6c/images/val/0371.png,5,pred_dup,highlight,0.4695543944835663,0,"351.48,105.14,396.65,151.94","{""bright_ratio"": 0.0971322849213691, ""grad_ratio"": 0.10037002775208141, ""near_edge"": 0.0, ""white_thresh"": 250.0, ""grad_percentile"": 90.0}"
op3,val,/home/ubuntu/hpproject/yolo/dataset/yolo/datasetm6c/images/val/0428.png,0,background_fp,highlight,0.3075709342956543,0,"345.79,373.36,362.13,394.18","{""bright_ratio"": 0.05808080808080808, ""grad_ratio"": 0.10101010101010101, ""near_edge"": 0.0, ""white_thresh"": 250.0, ""grad_percentile"": 90.0}"
op3,val,/home/ubuntu/hpproject/yolo/dataset/yolo/datasetm6c/images/val/0433.png,1,background_fp,texture_boundary,0.3005104660987854,0,"146.93,205.76,206.75,261.36","{""bright_ratio"": 0.0, ""grad_ratio"": 0.1006614897900489, ""near_edge"": 0.0, ""white_thresh"": 250.0, ""grad_percentile"": 90.0}"
op3,test,/home/ubuntu/hpproject/yolo/dataset/yolo/datasetm6c/images/test/0049.png,0,background_fp,texture_boundary,0.37940678000450134,0,"164.97,101.99,207.37,132.23","{""bright_ratio"": 0.0, ""grad_ratio"": 0.10014204545454546, ""near_edge"": 0.0, ""white_thresh"": 250.0, ""grad_percentile"": 90.0}"
op3,test,/home/ubuntu/hpproject/yolo/dataset/yolo/datasetm6c/images/test/0071.png,0,background_fp,texture_boundary,0.38646507263183594,0,"176.12,96.66,205.73,143.68","{""bright_ratio"": 0.0, ""grad_ratio"": 0.10069444444444445, ""near_edge"": 0.0, ""white_thresh"": 250.0, ""grad_percentile"": 90.0}"
op3,test,/home/ubuntu/hpproject/yolo/dataset/yolo/datasetm6c/images/test/0112.png,2,pred_dup,texture_boundary,0.31917738914489746,0,"309.94,120.02,341.22,160.47","{""bright_ratio"": 0.0, ""grad_ratio"": 0.10125646711012565, ""near_edge"": 0.0, ""white_thresh"": 250.0, ""grad_percentile"": 90.0}"
op3,test,/home/ubuntu/hpproject/yolo/dataset/yolo/datasetm6c/images/test/0127.png,1,background_fp,highlight,0.47260263562202454,0,"241.41,79.83,316.41,114.52","{""bright_ratio"": 0.059941520467836254, ""grad_ratio"": 0.10014619883040936, ""near_edge"": 0.0, ""white_thresh"": 250.0, ""grad_percentile"": 90.0}"
op3,test,/home/ubuntu/hpproject/yolo/dataset/yolo/datasetm6c/images/test/0127.png,2,background_fp,texture_boundary,0.3244197964668274,0,"319.40,138.51,388.96,211.75","{""bright_ratio"": 0.03262548262548263, ""grad_ratio"": 0.1, ""near_edge"": 0.0, ""white_thresh"": 250.0, ""grad_percentile"": 90.0}"
op3,test,/home/ubuntu/hpproject/yolo/dataset/yolo/datasetm6c/images/test/0127.png,3,background_fp,texture_boundary,0.30672261118888855,0,"240.63,328.85,277.28,373.30","{""bright_ratio"": 0.0, ""grad_ratio"": 0.10011441647597254, ""near_edge"": 0.0, ""white_thresh"": 250.0, ""grad_percentile"": 90.0}"
op3,test,/home/ubuntu/hpproject/yolo/dataset/yolo/datasetm6c/images/test/0139.png,1,pred_dup,texture_boundary,0.6910645365715027,0,"354.32,150.88,403.67,204.55","{""bright_ratio"": 0.005818181818181818, ""grad_ratio"": 0.1, ""near_edge"": 0.0, ""white_thresh"": 250.0, ""grad_percentile"": 90.0}"
op3,test,/home/ubuntu/hpproject/yolo/dataset/yolo/datasetm6c/images/test/0149.png,1,background_fp,texture_boundary,0.48911842703819275,0,"248.38,89.52,280.85,127.84","{""bright_ratio"": 0.03263403263403263, ""grad_ratio"": 0.10023310023310024, ""near_edge"": 0.0, ""white_thresh"": 250.0, ""grad_percentile"": 90.0}"
op3,test,/home/ubuntu/hpproject/yolo/dataset/yolo/datasetm6c/images/test/0193.png,2,background_fp,texture_boundary,0.36460211873054504,0,"96.54,194.68,156.78,242.14","{""bright_ratio"": 0.021746403479424557, ""grad_ratio"": 0.10070257611241218, ""near_edge"": 0.0, ""white_thresh"": 250.0, ""grad_percentile"": 90.0}"
op3,test,/home/ubuntu/hpproject/yolo/dataset/yolo/datasetm6c/images/test/0259.png,1,background_fp,texture_boundary,0.6235353946685791,0,"267.15,276.86,379.50,303.46","{""bright_ratio"": 0.0, ""grad_ratio"": 0.10018963337547408, ""near_edge"": 0.0, ""white_thresh"": 250.0, ""grad_percentile"": 90.0}"
op3,test,/home/ubuntu/hpproject/yolo/dataset/yolo/datasetm6c/images/test/0295.png,0,background_fp,texture_boundary,0.42825546860694885,0,"227.22,198.81,304.51,275.55","{""bright_ratio"": 0.0023011176857330702, ""grad_ratio"": 0.10009861932938856, ""near_edge"": 0.0, ""white_thresh"": 250.0, ""grad_percentile"": 90.0}"
op3,test,/home/ubuntu/hpproject/yolo/dataset/yolo/datasetm6c/images/test/0295.png,1,background_fp,texture_boundary,0.34067976474761963,0,"258.56,201.53,307.02,271.81","{""bright_ratio"": 0.0, ""grad_ratio"": 0.10028169014084506, ""near_edge"": 0.0, ""white_thresh"": 250.0, ""grad_percentile"": 90.0}"
op3,test,/home/ubuntu/hpproject/yolo/dataset/yolo/datasetm6c/images/test/0345.png,0,background_fp,texture_boundary,0.3142165541648865,0,"234.86,95.21,274.26,162.57","{""bright_ratio"": 0.0351506456241033, ""grad_ratio"": 0.10043041606886657, ""near_edge"": 0.0, ""white_thresh"": 250.0, ""grad_percentile"": 90.0}"
op3,test,/home/ubuntu/hpproject/yolo/dataset/yolo/datasetm6c/images/test/0413.png,0,pred_dup,texture_boundary,0.9420972466468811,0,"338.48,237.58,389.94,299.70","{""bright_ratio"": 0.0, ""grad_ratio"": 0.10042735042735043, ""near_edge"": 0.0, ""white_thresh"": 250.0, ""grad_percentile"": 90.0}"
op3,test,/home/ubuntu/hpproject/yolo/dataset/yolo/datasetm6c/images/test/0415.png,0,background_fp,texture_boundary,0.42673689126968384,0,"209.21,214.86,232.13,237.41","{""bright_ratio"": 0.0, ""grad_ratio"": 0.10069444444444445, ""near_edge"": 0.0, ""white_thresh"": 250.0, ""grad_percentile"": 90.0}"
op3,test,/home/ubuntu/hpproject/yolo/dataset/yolo/datasetm6c/images/test/0415.png,1,background_fp,texture_boundary,0.3210389316082001,0,"243.90,95.00,282.39,116.66","{""bright_ratio"": 0.04318181818181818, ""grad_ratio"": 0.1, ""near_edge"": 0.0, ""white_thresh"": 250.0, ""grad_percentile"": 90.0}"
op3,test,/home/ubuntu/hpproject/yolo/dataset/yolo/datasetm6c/images/test/0423.png,3,background_fp,texture_boundary,0.4273971617221832,0,"194.47,294.48,277.72,325.77","{""bright_ratio"": 0.0, ""grad_ratio"": 0.10007440476190477, ""near_edge"": 0.0, ""white_thresh"": 250.0, ""grad_percentile"": 90.0}"
op3,test,/home/ubuntu/hpproject/yolo/dataset/yolo/datasetm6c/images/test/0423.png,5,background_fp,texture_boundary,0.31643590331077576,0,"172.49,320.95,225.10,372.52","{""bright_ratio"": 0.0, ""grad_ratio"": 0.10027952480782669, ""near_edge"": 0.0, ""white_thresh"": 250.0, ""grad_percentile"": 90.0}"
